_id,FID,OBJECTID_1,wt_pr,mr_pr,wt_rr,mr_rr
5ef4024d5199de5f27cfc94e,0,1,587.8905593,0.229900084,790.9552713,0.37389112
5ef4024d5199de5f27cfc94f,1,2,613.3944714,0.24252895,824.9832835,0.389335077
5ef4024d5199de5f27cfc950,2,3,268.6830252,0.112437729,649.9146527,0.746551937
5ef4024d5199de5f27cfc951,3,4,761.5786495,0.322014052,1641.63427,0.81147541
5ef4024d5199de5f27cfc952,4,5,313.1260353,0.116892169,590.3460025,0.653423534
5ef4024d5199de5f27cfc953,5,6,298.0898319,0.127306273,613.6828618,0.704387044
5ef4024d5199de5f27cfc954,6,7,304.3585208,0.110203579,628.3180512,0.700008209
5ef4024d5199de5f27cfc955,7,8,307.9532097,0.1054835,642.8748153,0.707560335
5ef4024d5199de5f27cfc956,8,9,269.375768,0.077373638,633.179651,0.651142787
5ef4024d5199de5f27cfc957,9,10,290.0373912,0.077491381,666.1670497,0.712690855
5ef4024d5199de5f27cfc958,10,11,336.6340103,0.117251282,586.9220923,0.631507692
5ef4024d5199de5f27cfc959,11,12,308.123436,0.116995529,608.5416581,0.686179596
5ef4024d5199de5f27cfc95a,12,13,271.1024706,0.133936985,669.7730569,0.765436145
5ef4024d5199de5f27cfc95b,13,14,281.6403113,0.122490782,622.0786973,0.679557558
5ef4024d5199de5f27cfc95c,14,15,286.5962611,0.116513611,652.6721056,0.740324697
5ef4024d5199de5f27cfc95d,15,16,285.3749383,0.065679012,558.0864198,0.500164609
5ef4024d5199de5f27cfc95e,16,17,319.9981941,0.115457232,572.9029716,0.613446068
5ef4024d5199de5f27cfc95f,17,18,287.5979982,0.083353844,615.3217655,0.674911806
5ef4024d5199de5f27cfc960,18,19,272.4117213,0.119508197,714.2275,0.831967213
5ef4024d5199de5f27cfc961,19,20,269.2750963,0.130828485,677.887036,0.764402196
5ef4024d5199de5f27cfc962,20,21,299.68854,0.130051644,670.908886,0.773915895
5ef4024d5199de5f27cfc963,21,22,324.138743,0.127010174,586.9512635,0.649491303
5ef4024d5199de5f27cfc964,22,23,284.7969352,0.134966811,677.278579,0.762107678
5ef4024d5199de5f27cfc965,23,24,279.9359246,0.124161928,626.4259951,0.693711279
5ef4024d5199de5f27cfc966,24,25,263.5498013,0.135084197,667.8900725,0.767730569
5ef4024d5199de5f27cfc967,25,26,272.1721708,0.137875932,665.9892649,0.773826108
5ef4024d5199de5f27cfc968,26,27,271.6720371,0.086008281,692.3126717,0.775509367
5ef4024d5199de5f27cfc969,27,28,274.9076904,0.132257139,648.2055968,0.71909698
5ef4024d5199de5f27cfc96a,28,29,281.100168,0.127587196,655.4741998,0.765482192
5ef4024d5199de5f27cfc96b,29,30,289.5477206,0.115939652,616.3697934,0.689242375
5ef4024d5199de5f27cfc96c,30,31,290.0184964,0.064984175,566.2202721,0.518393687
5ef4024d5199de5f27cfc96d,31,32,263.8220474,0.077956659,618.4474212,0.632952358
5ef4024d5199de5f27cfc96e,32,33,300.552717,0.071918512,587.3263236,0.606563437
5ef4024d5199de5f27cfc96f,33,34,287.4790915,0.11778452,620.4592079,0.697236799
5ef4024d5199de5f27cfc970,34,35,253.9691393,0.083606557,716.0078689,0.810819672
5ef4024d5199de5f27cfc971,35,36,329.4995485,0.106436253,582.2430835,0.634512766
5ef4024d5199de5f27cfc972,36,37,284.6865445,0.129267593,679.6021148,0.79880323
5ef4024d5199de5f27cfc973,37,38,274.5345711,0.130825034,694.4069019,0.829255297
5ef4024d5199de5f27cfc974,38,39,283.3573713,0.116062643,629.4683093,0.705067235
5ef4024d5199de5f27cfc975,39,40,278.9380704,0.089553455,557.80647,0.584501304
5ef4024d5199de5f27cfc976,40,41,296.528211,0.087863698,548.4315815,0.537264908
5ef4024d5199de5f27cfc977,41,42,275.6089717,0.125276526,625.7763621,0.689840229
5ef4024d5199de5f27cfc978,42,43,312.0692854,0.116816484,584.5131552,0.646554201
5ef4024d5199de5f27cfc979,43,44,249.1754487,0.079119889,666.4818897,0.710481029
5ef4024d5199de5f27cfc97a,44,45,329.8883097,0.107380346,585.9471308,0.650808636
5ef4024d5199de5f27cfc97b,45,46,297.2001235,0.099300412,562.6974486,0.548106996
5ef4024d5199de5f27cfc97c,46,47,289.0057363,0.132016717,678.3974023,0.771449644
5ef4024d5199de5f27cfc97d,47,48,278.8911021,0.117914669,694.8976597,0.80531989
5ef4024d5199de5f27cfc97e,48,49,288.5147071,0.123596887,633.2035641,0.682834904
5ef4024d5199de5f27cfc97f,49,50,294.3916609,0.129637981,613.2994137,0.703251199
5ef4024d5199de5f27cfc980,50,51,447.5721221,0.120063486,1148.819625,0.571655308
5ef4024d5199de5f27cfc981,51,52,326.8867963,0.145624251,480.5746913,0.472969066
5ef4024d5199de5f27cfc982,52,53,374.0998039,0.071795351,1296.555317,0.654654094
5ef4024d5199de5f27cfc983,53,54,481.9547152,0.14789916,697.2048553,0.304948646
5ef4024d5199de5f27cfc984,54,55,283.5718462,0.126194005,637.2468297,0.745347497
5ef4024d5199de5f27cfc985,55,56,282.9804132,0.120572348,592.7041359,0.649004165
5ef4024d5199de5f27cfc986,56,57,271.811341,0.115758675,689.2034122,0.794115223
5ef4024d5199de5f27cfc987,57,58,318.5923879,0.111459321,622.2147953,0.706651272
5ef4024d5199de5f27cfc988,58,59,302.1499773,0.116364537,497.7973325,0.497419168
5ef4024d5199de5f27cfc989,59,60,407.4418264,0.148763354,1095.270745,0.672691351
5ef4024d5199de5f27cfc98a,60,61,260.0392561,0.077316399,585.912952,0.612758237
5ef4024d5199de5f27cfc98b,61,62,314.8673869,0.111706734,592.1997031,0.686363449
5ef4024d5199de5f27cfc98c,62,63,535.0467787,0.198972923,786.9232493,0.370028011
5ef4024d5199de5f27cfc98d,63,64,270.2780434,0.110978324,615.984876,0.711036017
5ef4024d5199de5f27cfc98e,64,65,341.8747246,0.098325745,1115.462696,0.704435306
5ef4024d5199de5f27cfc98f,65,66,489.0810458,0.157236228,704.0489262,0.311577965
5ef4024d5199de5f27cfc990,66,67,283.075259,0.120472441,511.1857853,0.519477828
5ef4024d5199de5f27cfc991,67,68,400.6785879,0.111080307,1367.762776,0.727474355
5ef4024d5199de5f27cfc992,68,69,471.9172813,0.140509756,689.3094949,0.300438801
5ef4024d5199de5f27cfc993,69,70,281.0559219,0.117530701,611.0350284,0.694634468
5ef4024d5199de5f27cfc994,70,71,493.0990663,0.164985994,724.0556489,0.326330532
5ef4024d5199de5f27cfc995,71,72,296.112148,0.073581633,656.142167,0.737302833
5ef4024d5199de5f27cfc996,72,73,304.9486703,0.123637265,501.8524529,0.50123885
5ef4024d5199de5f27cfc997,73,74,269.501772,0.100469793,671.7270667,0.77404599
5ef4024d5199de5f27cfc998,74,75,296.6539112,0.100573172,626.7117645,0.715846769
5ef4024d5199de5f27cfc999,75,76,266.1040963,0.116624083,672.9336108,0.787686475
5ef4024d5199de5f27cfc99a,76,77,304.5544039,0.132303754,513.9092373,0.532766239
5ef4024d5199de5f27cfc99b,77,78,440.0146066,0.101044652,1182.089119,0.618101137
5ef4024d5199de5f27cfc99c,78,79,395.2623143,0.137744273,1056.087462,0.654980605
5ef4024d5199de5f27cfc99d,79,80,305.3884461,0.116818764,492.1062477,0.480777966
5ef4024d5199de5f27cfc99e,80,81,425.0145102,0.09676525,1148.065527,0.600092421
5ef4024d5199de5f27cfc99f,81,82,269.0010715,0.11266793,664.8631418,0.773839941
5ef4024d5199de5f27cfc9a0,82,83,282.7754035,0.129034914,650.3983037,0.76601614
5ef4024d5199de5f27cfc9a1,83,84,423.5278625,0.1153313,1343.078828,0.710470382
5ef4024d5199de5f27cfc9a2,84,85,542.6303455,0.204668534,776.637535,0.366106443
5ef4024d5199de5f27cfc9a3,85,86,251.8965219,0.078546114,678.3771944,0.750762384
5ef4024d5199de5f27cfc9a4,86,87,272.3672065,0.120657683,576.0417027,0.6633288
5ef4024d5199de5f27cfc9a5,87,88,276.2468297,0.127635046,667.0018528,0.796772069
5ef4024d5199de5f27cfc9a6,88,89,291.3251825,0.100944291,621.0236279,0.683559441
5ef4024d5199de5f27cfc9a7,89,90,274.7545125,0.115882304,621.1650457,0.724140773
5ef4024d5199de5f27cfc9a8,90,91,306.0090432,0.13288186,519.7587645,0.548705455
5ef4024d5199de5f27cfc9a9,91,92,300.4349924,0.118757989,611.0489464,0.690693167
5ef4024d5199de5f27cfc9aa,92,93,457.3578564,0.131547008,903.5560639,0.426197367
5ef4024d5199de5f27cfc9ab,93,94,305.0896065,0.114299872,557.3537185,0.588594789
5ef4024d5199de5f27cfc9ac,94,95,386.8173569,0.136177375,1088.398068,0.660910288
5ef4024d5199de5f27cfc9ad,95,96,515.9142857,0.182072829,744.644071,0.340616246
5ef4024d5199de5f27cfc9ae,96,97,280.5430665,0.125205863,669.0263093,0.784132082
5ef4024d5199de5f27cfc9af,97,98,309.1178973,0.14378923,497.5320862,0.525107367
5ef4024d5199de5f27cfc9b0,98,99,306.1101292,0.112813313,585.6959987,0.651732254
5ef4024d5199de5f27cfc9b1,99,100,275.4230785,0.102575726,661.6498249,0.747043066
5ef4024d5199de5f27cfc9b2,100,101,306.8287496,0.129583746,482.0900231,0.495127189
5ef4024d5199de5f27cfc9b3,101,102,273.0380007,0.122236403,639.140681,0.72748981
5ef4024d5199de5f27cfc9b4,102,103,259.2736218,0.068631891,610.641525,0.65066491
5ef4024d5199de5f27cfc9b5,103,104,368.1606258,0.059794406,673.6972601,0.524839251
5ef4024d5199de5f27cfc9b6,104,105,564.6942594,0.261853448,1306.557798,0.784482759
5ef4024d5199de5f27cfc9b7,105,106,361.1872173,0.170715363,620.377869,0.703384151
5ef4024d5199de5f27cfc9b8,106,107,557.0300682,0.211504342,779.8092259,0.3644598
5ef4024d5199de5f27cfc9b9,107,108,587.055099,0.223010833,805.9948637,0.376167352
5ef4024d5199de5f27cfc9ba,108,109,263.9567706,0.110585038,647.7141916,0.735312281
5ef4024d5199de5f27cfc9bb,109,110,725.2844457,0.296838407,1647.19838,0.806889149
5ef4024d5199de5f27cfc9bc,110,111,310.7595736,0.117794178,609.5063551,0.675563756
5ef4024d5199de5f27cfc9bd,111,112,294.4690447,0.125666257,626.6075851,0.712669127
5ef4024d5199de5f27cfc9be,112,113,300.4871121,0.106222295,666.6929076,0.747455262
5ef4024d5199de5f27cfc9bf,113,114,299.8502709,0.102405188,668.2212691,0.738671811
5ef4024d5199de5f27cfc9c0,114,115,264.5059392,0.076513476,636.8525436,0.661956255
5ef4024d5199de5f27cfc9c1,115,116,284.3439501,0.072114595,659.8049992,0.710022985
5ef4024d5199de5f27cfc9c2,116,117,333.2196513,0.115692308,591.6781949,0.64065641
5ef4024d5199de5f27cfc9c3,117,118,302.4580547,0.11539566,625.2524101,0.71042376
5ef4024d5199de5f27cfc9c4,118,119,265.9026099,0.130618265,671.5307903,0.759904945
5ef4024d5199de5f27cfc9c5,119,120,279.4301106,0.119213437,618.9664891,0.671405162
5ef4024d5199de5f27cfc9c6,120,121,284.4842161,0.113069859,678.8846753,0.773819285
5ef4024d5199de5f27cfc9c7,121,122,279.7091358,0.062510288,543.8402469,0.484115226
5ef4024d5199de5f27cfc9c8,122,123,315.1984485,0.113651289,577.4113857,0.624076506
5ef4024d5199de5f27cfc9c9,123,124,281.4655427,0.084297317,629.8433424,0.691073919
5ef4024d5199de5f27cfc9ca,124,125,262.645,0.111393443,728.6009016,0.843237705
5ef4024d5199de5f27cfc9cb,125,126,264.7444891,0.124641482,683.4384987,0.773129558
5ef4024d5199de5f27cfc9cc,126,127,294.1778834,0.125788999,684.3798262,0.787318633
5ef4024d5199de5f27cfc9cd,127,128,309.9213571,0.129799803,607.1071956,0.684033476
5ef4024d5199de5f27cfc9ce,128,129,276.8480292,0.130295829,674.195116,0.74854544
5ef4024d5199de5f27cfc9cf,129,130,274.8002631,0.122082661,631.4282441,0.706441483
5ef4024d5199de5f27cfc9d0,130,131,260.5082149,0.130208547,676.4839595,0.773630516
5ef4024d5199de5f27cfc9d1,131,132,264.01852,0.13320495,665.0934197,0.762722281
5ef4024d5199de5f27cfc9d2,132,133,266.2943877,0.079858976,714.4607059,0.802853278
5ef4024d5199de5f27cfc9d3,133,134,269.8324251,0.126562052,650.1341009,0.721432376
5ef4024d5199de5f27cfc9d4,134,135,278.1096766,0.124472314,668.10316,0.777490881
5ef4024d5199de5f27cfc9d5,135,136,284.9193998,0.114012791,628.8379387,0.706789111
5ef4024d5199de5f27cfc9d6,136,137,287.9593489,0.063093428,574.4411197,0.546919314
5ef4024d5199de5f27cfc9d7,137,138,261.2915079,0.075007169,611.1226087,0.616156651
5ef4024d5199de5f27cfc9d8,138,139,303.870251,0.073068551,606.2793363,0.636793034
5ef4024d5199de5f27cfc9d9,139,140,282.1615284,0.115447688,628.6719006,0.702894392
5ef4024d5199de5f27cfc9da,140,141,249.004877,0.082704918,722.7407787,0.810778689
5ef4024d5199de5f27cfc9db,141,142,332.1957967,0.107585584,596.4872342,0.660085379
5ef4024d5199de5f27cfc9dc,142,143,276.9425796,0.124923153,689.3643182,0.811180786
5ef4024d5199de5f27cfc9dd,143,144,267.4519857,0.126972417,711.2905447,0.849092176
5ef4024d5199de5f27cfc9de,144,145,276.1232781,0.10847819,633.3178091,0.709740899
5ef4024d5199de5f27cfc9df,145,146,273.866118,0.091753585,609.1350228,0.66761734
5ef4024d5199de5f27cfc9e0,146,147,296.9584345,0.087328697,558.0774106,0.539446068
5ef4024d5199de5f27cfc9e1,147,148,270.7547317,0.118435068,624.0690701,0.678205653
5ef4024d5199de5f27cfc9e2,148,149,308.1872101,0.115544063,585.3506547,0.652628987
5ef4024d5199de5f27cfc9e3,149,150,245.8553225,0.07670245,669.7936573,0.715807588
5ef4024d5199de5f27cfc9e4,150,151,321.6454725,0.115097283,596.5816025,0.664682703
5ef4024d5199de5f27cfc9e5,151,152,289.2676132,0.098353909,573.0717695,0.546131687
5ef4024d5199de5f27cfc9e6,152,153,286.3041055,0.130705564,676.3479063,0.753912972
5ef4024d5199de5f27cfc9e7,153,154,272.3664494,0.116726095,706.4785032,0.821345137
5ef4024d5199de5f27cfc9e8,154,155,287.866694,0.119213437,625.2546907,0.667103646
5ef4024d5199de5f27cfc9e9,155,156,290.2049526,0.126727071,616.0058628,0.704358165
5ef4024d5199de5f27cfc9ea,156,157,426.6967603,0.103911866,1330.388666,0.680795444
5ef4024d5199de5f27cfc9eb,157,158,326.63024,0.13554702,504.7930038,0.502539958
5ef4024d5199de5f27cfc9ec,158,159,364.1726263,0.062179068,1396.305294,0.704416021
5ef4024d5199de5f27cfc9ed,159,160,469.4446312,0.138468721,683.1577031,0.295611578
5ef4024d5199de5f27cfc9ee,160,161,279.7405715,0.12294137,645.1992342,0.758069829
5ef4024d5199de5f27cfc9ef,161,162,274.8880871,0.119953816,584.5474413,0.637953074
5ef4024d5199de5f27cfc9f0,162,163,265.859639,0.115758675,716.8609577,0.8388692
5ef4024d5199de5f27cfc9f1,163,164,306.7471032,0.112737619,619.7083832,0.697909365
5ef4024d5199de5f27cfc9f2,164,165,299.5997027,0.10715613,544.0948094,0.569145641
5ef4024d5199de5f27cfc9f3,165,166,400.7463779,0.148617006,1086.105664,0.664276306
5ef4024d5199de5f27cfc9f4,166,167,255.3211826,0.072244444,604.6221187,0.660096491
5ef4024d5199de5f27cfc9f5,167,168,302.1505093,0.111459321,617.7355573,0.712011876
5ef4024d5199de5f27cfc9f6,168,169,516.6094304,0.182913165,766.8101774,0.353221289
5ef4024d5199de5f27cfc9f7,169,170,266.8075084,0.10776395,635.141927,0.73666859
5ef4024d5199de5f27cfc9f8,170,171,335.8042297,0.097077398,1121.090248,0.699955941
5ef4024d5199de5f27cfc9f9,171,172,476.8823529,0.146311858,688.0129785,0.301587302
5ef4024d5199de5f27cfc9fa,172,173,277.500373,0.109780356,512.4586407,0.519602155
5ef4024d5199de5f27cfc9fb,173,174,389.3428519,0.107845855,1393.162462,0.739765271
5ef4024d5199de5f27cfc9fc,174,175,456.1054057,0.129959854,901.3556157,0.424143404
5ef4024d5199de5f27cfc9fd,175,176,277.8973049,0.113904228,628.0789582,0.728550235
5ef4024d5199de5f27cfc9fe,176,177,486.7830065,0.15620915,724.945845,0.323436041
5ef4024d5199de5f27cfc9ff,177,178,291.9025931,0.071723511,672.0966636,0.769303824
5ef4024d5199de5f27cfca00,178,179,306.5383218,0.121035679,503.076148,0.502436406
5ef4024d5199de5f27cfca01,179,180,263.3565483,0.096060331,682.847853,0.775735597
5ef4024d5199de5f27cfca02,180,181,295.1842398,0.101191703,606.4587852,0.670487815
5ef4024d5199de5f27cfca03,181,182,261.6734114,0.122105003,690.4211242,0.813401467
5ef4024d5199de5f27cfca04,182,183,305.1814841,0.129289342,513.3530165,0.537762729
5ef4024d5199de5f27cfca05,183,184,434.4124988,0.108625312,1253.203384,0.659332532
5ef4024d5199de5f27cfca06,184,185,393.6727659,0.141330601,1071.781673,0.662592403
5ef4024d5199de5f27cfca07,185,186,304.366891,0.114465045,546.6099021,0.583928645
5ef4024d5199de5f27cfca08,186,187,420.5730129,0.103604436,1242.466081,0.655360444
5ef4024d5199de5f27cfca09,187,188,265.9702464,0.108959037,675.5181736,0.779980219
5ef4024d5199de5f27cfca0a,188,189,282.1933465,0.126070487,660.9263834,0.778820817
5ef4024d5199de5f27cfca0b,189,190,409.2835228,0.112374087,1358.18843,0.721005452
5ef4024d5199de5f27cfca0c,190,191,517.5601307,0.185060691,760.1739496,0.35210084
5ef4024d5199de5f27cfca0d,191,192,248.5854694,0.078504904,708.2201434,0.797906536
5ef4024d5199de5f27cfca0e,192,193,273.8769934,0.118061565,581.6102114,0.664565047
5ef4024d5199de5f27cfca0f,193,194,273.1580616,0.126070487,666.378335,0.79187253
5ef4024d5199de5f27cfca10,194,195,272.6509422,0.103995712,598.1082017,0.649993815
5ef4024d5199de5f27cfca11,195,196,270.3105168,0.109494766,630.4637765,0.740130223
5ef4024d5199de5f27cfca12,196,197,302.1852005,0.129289342,519.558781,0.532642359
5ef4024d5199de5f27cfca13,197,198,284.2601955,0.130015257,608.1030885,0.680549256
5ef4024d5199de5f27cfca14,198,199,437.2616002,0.114741854,1231.290076,0.618523014
5ef4024d5199de5f27cfca15,199,200,306.9412396,0.107816823,601.4199942,0.66292274
5ef4024d5199de5f27cfca16,200,201,385.3476511,0.136031026,1114.731084,0.678837992
5ef4024d5199de5f27cfca17,201,202,501.9399627,0.170121382,737.144071,0.333613445
5ef4024d5199de5f27cfca18,202,203,275.7105567,0.123641304,659.3031126,0.765933794
5ef4024d5199de5f27cfca19,203,204,307.0821358,0.135117278,508.7251817,0.51911959
5ef4024d5199de5f27cfca1a,204,205,308.5421811,0.110046661,646.2885576,0.762852542
5ef4024d5199de5f27cfca1b,205,206,268.8429425,0.107026581,677.6675046,0.770945807
5ef4024d5199de5f27cfca1c,206,207,304.833705,0.120953089,485.246779,0.478733069
5ef4024d5199de5f27cfca1d,207,208,272.5277698,0.11980732,626.7276957,0.714273951
5ef4024d5199de5f27cfca1e,208,209,258.3877064,0.064350117,623.9252748,0.664621845
5ef4024d5199de5f27cfca1f,209,210,368.8821313,0.055494123,672.772986,0.518777901
5ef4024d5199de5f27cfca20,210,211,534.794377,0.234130094,1302.083954,0.776057994
5ef4024d5199de5f27cfca21,211,212,358.9511643,0.169961468,636.7657899,0.735215279
5ef4024d5199de5f27cfca22,212,213,534.3586703,0.192828462,761.4503688,0.349705855
5ef4024d5199de5f27cfca23,213,214,556.3154651,0.204706761,797.9418192,0.368322749
5ef4024d5199de5f27cfca24,214,215,260.1142081,0.106838487,640.4197373,0.732183293
5ef4024d5199de5f27cfca25,215,216,702.5328845,0.277517564,1647.665886,0.802888368
5ef4024d5199de5f27cfca26,216,217,309.0196802,0.118737187,616.0813858,0.681713817
5ef4024d5199de5f27cfca27,217,218,288.6253793,0.126691267,628.8533005,0.71504715
5ef4024d5199de5f27cfca28,218,219,296.1471023,0.100599245,646.9314562,0.717944508
5ef4024d5199de5f27cfca29,219,220,296.752832,0.096453784,651.1308077,0.715728123
5ef4024d5199de5f27cfca2a,220,221,261.2681658,0.071147702,635.6877202,0.651060867
5ef4024d5199de5f27cfca2b,221,222,277.1494008,0.06969299,675.687777,0.725414546
5ef4024d5199de5f27cfca2c,222,223,317.6062359,0.118974359,605.0012308,0.662235897
5ef4024d5199de5f27cfca2d,223,224,295.1627354,0.116257128,640.8422283,0.728924806
5ef4024d5199de5f27cfca2e,224,225,259.6437088,0.125291924,675.4397099,0.763674356
5ef4024d5199de5f27cfca2f,225,226,275.5575174,0.113396149,616.6979926,0.65919705
5ef4024d5199de5f27cfca30,226,227,278.5542801,0.105895376,699.9457199,0.800467366
5ef4024d5199de5f27cfca31,227,228,278.0809053,0.0618107,551.5353498,0.509176955
5ef4024d5199de5f27cfca32,228,229,313.4735265,0.118412412,621.7533246,0.698530619
5ef4024d5199de5f27cfca33,229,230,277.2121995,0.083640988,658.452252,0.72298794
5ef4024d5199de5f27cfca34,230,231,262.1236475,0.113770492,741.1641803,0.847295082
5ef4024d5199de5f27cfca35,231,232,263.5544948,0.119806605,679.6096452,0.761411128
5ef4024d5199de5f27cfca36,232,233,289.0385277,0.121157472,696.7565374,0.799163866
5ef4024d5199de5f27cfca37,233,234,302.8325402,0.127010174,627.9238595,0.713488677
5ef4024d5199de5f27cfca38,234,235,270.2206015,0.125583873,672.7173236,0.742809145
5ef4024d5199de5f27cfca39,235,236,272.5245693,0.116354069,631.8597131,0.697572774
5ef4024d5199de5f27cfca3a,236,237,256.0776007,0.124595403,682.1636006,0.783299873
5ef4024d5199de5f27cfca3b,237,238,257.7030648,0.129025649,668.2439564,0.759977055
5ef4024d5199de5f27cfca3c,238,239,257.3600213,0.077809208,724.7058992,0.807567745
5ef4024d5199de5f27cfca3d,239,240,266.5201786,0.121317655,650.9598476,0.727823985
5ef4024d5199de5f27cfca3e,240,241,271.3689086,0.123693594,678.3416124,0.790114349
5ef4024d5199de5f27cfca3f,241,242,276.9649475,0.107617252,628.0334126,0.701459495
5ef4024d5199de5f27cfca40,242,243,287.5068026,0.062641292,601.0185787,0.607834272
5ef4024d5199de5f27cfca41,243,244,256.0276515,0.073860145,641.8574004,0.673753636
5ef4024d5199de5f27cfca42,244,245,301.9189222,0.072411385,623.0407442,0.665379718
5ef4024d5199de5f27cfca43,245,246,275.8686865,0.107658249,633.6402099,0.704698262
5ef4024d5199de5f27cfca44,246,247,243.6497131,0.081598361,721.4606967,0.794262295
5ef4024d5199de5f27cfca45,247,248,329.9885888,0.111772432,610.1950579,0.672399639
5ef4024d5199de5f27cfca46,248,249,271.4815771,0.125660888,699.0542235,0.821877946
5ef4024d5199de5f27cfca47,249,250,258.582278,0.120783639,727.1501701,0.86036313
5ef4024d5199de5f27cfca48,250,251,271.7793949,0.103927517,650.8779108,0.735651033
5ef4024d5199de5f27cfca49,251,252,272.4776728,0.088575619,643.2313396,0.695648631
5ef4024d5199de5f27cfca4a,252,253,294.2921931,0.081978682,571.8525042,0.539734145
5ef4024d5199de5f27cfca4b,253,254,266.7849242,0.1181483,655.2764031,0.737034002
5ef4024d5199de5f27cfca4c,254,255,303.5080245,0.118294135,616.2328121,0.695070394
5ef4024d5199de5f27cfca4d,255,256,246.6469721,0.074080144,662.2752602,0.699786938
5ef4024d5199de5f27cfca4e,256,257,312.2396355,0.115261473,582.8725885,0.640505706
5ef4024d5199de5f27cfca4f,257,258,287.1346502,0.09691358,559.0101646,0.530781893
5ef4024d5199de5f27cfca50,258,259,280.9216176,0.127837417,672.6531591,0.739818078
5ef4024d5199de5f27cfca51,259,260,261.8428214,0.112135743,725.9802041,0.844542809
5ef4024d5199de5f27cfca52,260,261,287.3227366,0.11466612,626.8526424,0.659401884
5ef4024d5199de5f27cfca53,261,262,282.8633102,0.121889221,628.2446804,0.72161863
5ef4024d5199de5f27cfca54,262,263,402.8338157,0.090094296,1435.250584,0.734758659
5ef4024d5199de5f27cfca55,263,264,326.7944493,0.128236898,515.0431999,0.495477636
5ef4024d5199de5f27cfca56,264,265,358.5774437,0.055923817,1382.815984,0.692278966
5ef4024d5199de5f27cfca57,265,266,455.8236228,0.126517274,1051.104855,0.510644258
5ef4024d5199de5f27cfca58,266,267,277.8750823,0.118947628,654.7267787,0.771368577
5ef4024d5199de5f27cfca59,267,268,270.5260402,0.110923261,627.1219744,0.713331409
5ef4024d5199de5f27cfca5a,268,269,262.6542075,0.114027858,737.2038655,0.856094948
5ef4024d5199de5f27cfca5b,269,270,297.7582368,0.115830275,606.2776793,0.667353924
5ef4024d5199de5f27cfca5c,270,271,299.677747,0.102861626,580.1123591,0.632283107
5ef4024d5199de5f27cfca5d,271,272,394.7752817,0.146348602,1100.910581,0.676496414
5ef4024d5199de5f27cfca5e,272,273,249.1944662,0.072862975,607.2366913,0.659931549
5ef4024d5199de5f27cfca5f,273,274,300.2054348,0.112902561,597.7501134,0.665745742
5ef4024d5199de5f27cfca60,274,275,501.1347339,0.171055089,754.4397759,0.344817927
5ef4024d5199de5f27cfca61,275,276,257.1428336,0.105621034,641.2001566,0.731847029
5ef4024d5199de5f27cfca62,276,277,333.801733,0.097444559,1130.421207,0.70685857
5ef4024d5199de5f27cfca63,277,278,464.0733894,0.136881419,684.4365079,0.295985061
5ef4024d5199de5f27cfca64,278,279,278.289225,0.101036055,540.8527559,0.548736013
5ef4024d5199de5f27cfca65,279,280,390.5344238,0.110063765,1386.431568,0.73080122
5ef4024d5199de5f27cfca66,280,281,435.2992251,0.112127719,1226.604145,0.614508449
5ef4024d5199de5f27cfca67,281,282,273.5876535,0.108134839,642.5966785,0.748248578
5ef4024d5199de5f27cfca68,282,283,471.8633053,0.144631186,709.7568627,0.312978525
5ef4024d5199de5f27cfca69,283,284,286.8427203,0.071888678,689.0102403,0.761086795
5ef4024d5199de5f27cfca6a,284,285,306.169227,0.117484308,501.5882061,0.506152957
5ef4024d5199de5f27cfca6b,285,286,264.2410781,0.095813072,685.5256738,0.774705349
5ef4024d5199de5f27cfca6c,286,287,272.8572842,0.109727434,599.5014639,0.656632716
5ef4024d5199de5f27cfca6d,287,288,255.2918899,0.121610484,717.9849996,0.856960356
5ef4024d5199de5f27cfca6e,288,289,300.106991,0.126811744,514.8554734,0.522401619
5ef4024d5199de5f27cfca6f,289,290,423.7192382,0.109457336,1322.182491,0.698345197
5ef4024d5199de5f27cfca70,290,291,390.0237869,0.141330601,1071.019029,0.657103125
5ef4024d5199de5f27cfca71,291,292,305.5918983,0.106495437,571.1407689,0.631250774
5ef4024d5199de5f27cfca72,292,293,402.5176525,0.106561922,1315.158226,0.694916821
5ef4024d5199de5f27cfca73,293,294,258.3000495,0.111843732,691.8318635,0.804829803
5ef4024d5199de5f27cfca74,294,295,277.084692,0.123805995,660.2799325,0.775650527
5ef4024d5199de5f27cfca75,295,296,405.1340911,0.111357546,1363.061085,0.71804824
5ef4024d5199de5f27cfca76,296,297,498.5033613,0.170494865,736.4243697,0.33426704
5ef4024d5199de5f27cfca77,297,298,240.9341053,0.074342702,727.1145636,0.815255914
5ef4024d5199de5f27cfca78,298,299,269.2959575,0.11352866,600.5596489,0.701528825
5ef4024d5199de5f27cfca79,299,300,268.9260128,0.12516469,663.1953228,0.775156456
5ef4024d5199de5f27cfca7a,300,301,265.084945,0.10230506,589.2504227,0.63799431
5ef4024d5199de5f27cfca7b,301,302,263.1532185,0.108752988,653.5260447,0.765721586
5ef4024d5199de5f27cfca7c,302,303,297.2075815,0.120246108,574.5403642,0.633232853
5ef4024d5199de5f27cfca7d,303,304,271.9810729,0.122386706,594.072698,0.662117026
5ef4024d5199de5f27cfca7e,304,305,403.7421343,0.093268602,1491.254785,0.766034917
5ef4024d5199de5f27cfca7f,305,306,302.8585704,0.103274559,651.4010406,0.763678408
5ef4024d5199de5f27cfca80,306,307,373.3786038,0.129372164,1131.67335,0.688716523
5ef4024d5199de5f27cfca81,307,308,494.0021475,0.161251167,727.8998133,0.325303455
5ef4024d5199de5f27cfca82,308,309,271.3095767,0.121006258,666.2786973,0.771286232
5ef4024d5199de5f27cfca83,309,310,307.5742484,0.127808061,496.9098943,0.495251074
5ef4024d5199de5f27cfca84,310,311,300.2641946,0.105091465,664.8095553,0.79667176
5ef4024d5199de5f27cfca85,311,312,263.1144035,0.105955079,699.8905007,0.812404698
5ef4024d5199de5f27cfca86,312,313,308.3481582,0.119053518,483.621779,0.478939544
5ef4024d5199de5f27cfca87,313,314,264.6412368,0.113425831,647.203796,0.745934374
5ef4024d5199de5f27cfca88,314,315,255.6829841,0.062332743,617.6364609,0.645889086
5ef4024d5199de5f27cfca89,315,316,367.5665725,0.051644346,675.900643,0.520457059
5ef4024d5199de5f27cfca8a,316,317,503.1746669,0.211696708,1298.627841,0.770670063
5ef4024d5199de5f27cfca8b,317,318,352.0940694,0.167364718,667.3918579,0.775506785
5ef4024d5199de5f27cfca8c,318,319,515.4106826,0.177420861,742.031749,0.334578392
5ef4024d5199de5f27cfca8d,319,320,541.2708256,0.188644004,778.5828353,0.352913709
5ef4024d5199de5f27cfca8e,320,321,255.0768249,0.100086459,657.641772,0.759109062
5ef4024d5199de5f27cfca8f,321,322,672.7452186,0.257806401,1648.260148,0.799473068
5ef4024d5199de5f27cfca90,322,323,302.2864289,0.119065191,627.5561296,0.690323903
5ef4024d5199de5f27cfca91,323,324,280.0615006,0.121935219,637.5805248,0.72603526
5ef4024d5199de5f27cfca92,324,325,283.8803563,0.097356756,672.1359793,0.743350846
5ef4024d5199de5f27cfca93,325,326,284.0942374,0.091241176,683.2162617,0.760178953
5ef4024d5199de5f27cfca94,326,327,258.515401,0.065208487,639.7693127,0.65237159
5ef4024d5199de5f27cfca95,327,328,263.549253,0.069775078,685.5893121,0.74092924
5ef4024d5199de5f27cfca96,328,329,308.7211487,0.118564103,631.4956308,0.700512821
5ef4024d5199de5f27cfca97,329,330,291.6820774,0.115067482,672.8767691,0.763301473
5ef4024d5199de5f27cfca98,330,331,259.9311673,0.121481542,678.7149588,0.771459008
5ef4024d5199de5f27cfca99,331,332,270.4466202,0.112331012,646.4108152,0.716181893
5ef4024d5199de5f27cfca9a,332,333,267.8778698,0.100729747,705.2457773,0.80013939
5ef4024d5199de5f27cfca9b,333,334,276.836214,0.058518519,558.7057202,0.542304527
5ef4024d5199de5f27cfca9c,334,335,315.3567969,0.118617633,646.7623543,0.71884748
5ef4024d5199de5f27cfca9d,335,336,271.9965132,0.080728526,672.5063992,0.736729838
5ef4024d5199de5f27cfca9e,336,337,255.7389754,0.109139344,743.9595082,0.835983607
5ef4024d5199de5f27cfca9f,337,338,261.0614603,0.115299517,677.7678849,0.751372613
5ef4024d5199de5f27cfcaa0,338,339,282.8110091,0.11673088,708.0696778,0.810927125
5ef4024d5199de5f27cfcaa1,339,340,297.3650312,0.129307516,651.3554316,0.740400394
5ef4024d5199de5f27cfcaa2,340,341,266.8635581,0.119806605,681.5580595,0.757928378
5ef4024d5199de5f27cfcaa3,341,342,268.368497,0.109267589,640.5414156,0.703895443
5ef4024d5199de5f27cfcaa4,342,343,254.9875036,0.11922809,679.9187938,0.772729135
5ef4024d5199de5f27cfcaa5,343,344,252.4718102,0.122346964,680.2996394,0.777390806
5ef4024d5199de5f27cfcaa6,344,345,254.2290001,0.07469356,729.4372976,0.801254458
5ef4024d5199de5f27cfcaa7,345,346,268.6198222,0.11767116,642.9778342,0.708280411
5ef4024d5199de5f27cfcaa8,346,347,261.9736874,0.120291815,699.3493996,0.815648182
5ef4024d5199de5f27cfcaa9,347,348,271.6881355,0.101754674,637.9945884,0.710642834
5ef4024d5199de5f27cfcaaa,348,349,284.3434995,0.06005179,638.4949649,0.680175922
5ef4024d5199de5f27cfcaab,349,350,248.8751383,0.068616607,656.5913318,0.686084142
5ef4024d5199de5f27cfcaac,350,351,298.9425391,0.073273915,636.1603072,0.674251448
5ef4024d5199de5f27cfcaad,351,352,270.3392096,0.104460479,658.4071417,0.740324697
5ef4024d5199de5f27cfcaae,352,353,238.7454508,0.078401639,727.0014344,0.792295082
5ef4024d5199de5f27cfcaaf,353,354,315.947336,0.113742714,585.1281094,0.631721534
5ef4024d5199de5f27cfcab0,354,355,263.1974261,0.120988565,713.746506,0.837944178
5ef4024d5199de5f27cfcab1,355,356,256.3144391,0.119799992,735.5338743,0.851346367
5ef4024d5199de5f27cfcab2,356,357,265.0401361,0.098802886,677.1696458,0.765619875
5ef4024d5199de5f27cfcab3,357,358,270.2264505,0.081975228,678.9318774,0.735576923
5ef4024d5199de5f27cfcab4,358,359,288.5738096,0.082390222,558.8349726,0.517757932
5ef4024d5199de5f27cfcab5,359,360,261.1660795,0.113191315,671.8398607,0.751986891
5ef4024d5199de5f27cfcab6,360,361,305.1522801,0.123055453,649.2788244,0.74157534
5ef4024d5199de5f27cfcab7,361,362,244.0052446,0.070146685,658.6575023,0.688396296
5ef4024d5199de5f27cfcab8,362,363,308.6421887,0.114522617,590.7546999,0.654585009
5ef4024d5199de5f27cfcab9,363,364,283.3136214,0.09218107,568.3898354,0.559506173
5ef4024d5199de5f27cfcaba,364,365,273.4565681,0.124231746,669.9658281,0.733713021
5ef4024d5199de5f27cfcabb,365,366,259.2526743,0.109881553,743.0713554,0.854297307
5ef4024d5199de5f27cfcabc,366,367,284.4701762,0.111921344,615.1875461,0.635272429
5ef4024d5199de5f27cfcabd,367,368,276.2033537,0.117625354,637.4558649,0.72711246
5ef4024d5199de5f27cfcabe,368,369,387.1006442,0.080851461,1422.243955,0.722621604
5ef4024d5199de5f27cfcabf,369,370,326.2938504,0.121009375,502.5193491,0.470738859
5ef4024d5199de5f27cfcac0,370,371,345.4775464,0.059658295,1418.566614,0.714405751
5ef4024d5199de5f27cfcac1,371,372,419.3414566,0.10270775,1310.939216,0.664705882
5ef4024d5199de5f27cfcac2,372,373,272.7228673,0.116930171,654.8624424,0.768815876
5ef4024d5199de5f27cfcac3,373,374,261.8307286,0.105933776,630.5478949,0.711063461
5ef4024d5199de5f27cfcac4,374,375,257.7708728,0.10759911,741.9425534,0.850614028
5ef4024d5199de5f27cfcac5,375,376,277.3354088,0.12081976,578.8885407,0.625458744
5ef4024d5199de5f27cfcac6,376,377,299.0766404,0.100012388,653.7634306,0.765743073
5ef4024d5199de5f27cfcac7,377,378,388.2077418,0.143128933,1138.654251,0.698668228
5ef4024d5199de5f27cfcac8,378,379,248.5877283,0.067584842,607.1794565,0.64607645
5ef4024d5199de5f27cfcac9,379,380,280.5030308,0.119706404,591.0976455,0.652385469
5ef4024d5199de5f27cfcaca,380,381,490.1528478,0.16031746,744.1518207,0.336134454
5ef4024d5199de5f27cfcacb,381,382,259.1521882,0.105332564,633.8227973,0.713014094
5ef4024d5199de5f27cfcacc,382,383,320.3817007,0.094947863,1134.72015,0.698781025
5ef4024d5199de5f27cfcacd,383,384,451.5029879,0.124369748,1053.303548,0.51101774
5ef4024d5199de5f27cfcace,384,385,276.3784086,0.092498964,560.8599668,0.552880232
5ef4024d5199de5f27cfcacf,385,386,382.5126144,0.111080307,1430.151003,0.752425839
5ef4024d5199de5f27cfcad0,386,387,403.0318364,0.092054897,1492.828774,0.765381384
5ef4024d5199de5f27cfcad1,387,388,265.0612379,0.10735185,670.2995549,0.777548834
5ef4024d5199de5f27cfcad2,388,389,460.351634,0.135760971,696.7687208,0.304575163
5ef4024d5199de5f27cfcad3,389,390,272.8482947,0.071723511,678.0179206,0.737674457
5ef4024d5199de5f27cfcad4,390,391,300.688966,0.112735382,506.2862983,0.491617113
5ef4024d5199de5f27cfcad5,391,392,254.2576032,0.098491717,697.4979807,0.793126185
5ef4024d5199de5f27cfcad6,392,393,264.648633,0.103047297,585.0949652,0.637128366
5ef4024d5199de5f27cfcad7,393,394,252.104838,0.120085717,740.8950383,0.877359268
5ef4024d5199de5f27cfcad8,394,395,293.5552298,0.115869018,567.3010282,0.620844861
5ef4024d5199de5f27cfcad9,395,396,407.1417214,0.112138301,1354.274938,0.717296848
5ef4024d5199de5f27cfcada,396,397,381.4562688,0.139427651,1068.22206,0.659152456
5ef4024d5199de5f27cfcadb,397,398,302.0090845,0.103935252,628.2942974,0.737993971
5ef4024d5199de5f27cfcadc,398,399,394.6757856,0.111182994,1331.819224,0.705914972
5ef4024d5199de5f27cfcadd,399,400,251.5081596,0.111431633,715.8837468,0.846863925
5ef4024d5199de5f27cfcade,400,401,273.1156538,0.12405303,656.3463439,0.75634058
5ef4024d5199de5f27cfcadf,401,402,406.9375289,0.11754921,1391.285001,0.73144811
5ef4024d5199de5f27cfcae0,402,403,486.1464986,0.159010271,736.4862745,0.331092437
5ef4024d5199de5f27cfcae1,403,404,240.4936949,0.070963488,734.4315091,0.812371219
5ef4024d5199de5f27cfcae2,404,405,268.0425269,0.10981992,611.8207442,0.717806074
5ef4024d5199de5f27cfcae3,405,406,264.6098485,0.123394269,662.5521245,0.775568182
5ef4024d5199de5f27cfcae4,406,407,260.0696466,0.09537751,630.9012824,0.712919055
5ef4024d5199de5f27cfcae5,407,408,258.2299926,0.104796835,662.1917498,0.765804006
5ef4024d5199de5f27cfcae6,408,409,299.0184994,0.115001858,610.8322666,0.693934013
5ef4024d5199de5f27cfcae7,409,410,266.4718981,0.115500392,608.5018762,0.70747598
5ef4024d5199de5f27cfcae8,410,411,378.1740267,0.080197927,1529.42377,0.782746709
5ef4024d5199de5f27cfcae9,411,412,299.247925,0.099269108,717.8553908,0.835982987
5ef4024d5199de5f27cfcaea,412,413,367.4622421,0.123225523,1232.715132,0.745792478
5ef4024d5199de5f27cfcaeb,413,414,475.0119514,0.148739496,707.287395,0.314005602
5ef4024d5199de5f27cfcaec,414,415,267.2938076,0.119647563,652.1741601,0.747488472
5ef4024d5199de5f27cfcaed,415,416,308.8081847,0.126816981,492.0328295,0.490584737
5ef4024d5199de5f27cfcaee,416,417,293.9005657,0.101829293,680.0320849,0.786678779
5ef4024d5199de5f27cfcaef,417,418,258.2225428,0.104100556,717.3485679,0.826581496
5ef4024d5199de5f27cfcaf0,418,419,303.868145,0.113396102,490.9120829,0.494342583
5ef4024d5199de5f27cfcaf1,419,420,261.1084853,0.110090988,672.8400099,0.771295648
5ef4024d5199de5f27cfcaf2,420,421,251.2117008,0.060480053,631.096834,0.647371238
5ef4024d5199de5f27cfcaf3,421,422,365.5841422,0.0480403,668.0393169,0.504730311
5ef4024d5199de5f27cfcaf4,422,423,487.1790752,0.192985893,1303.071806,0.769200627
5ef4024d5199de5f27cfcaf5,423,424,339.4274585,0.159825766,657.1849556,0.756575641
5ef4024d5199de5f27cfcaf6,424,425,506.5375852,0.16658885,736.4020917,0.328415352
5ef4024d5199de5f27cfcaf7,425,426,520.8008031,0.173234965,757.8735525,0.337691446
5ef4024d5199de5f27cfcaf8,426,427,251.9032896,0.097575034,689.5272346,0.793280909
5ef4024d5199de5f27cfcaf9,427,428,648.7913739,0.240925059,1647.656811,0.796057767
5ef4024d5199de5f27cfcafa,428,429,292.1535875,0.118655187,623.2381304,0.685362854
5ef4024d5199de5f27cfcafb,429,430,275.1910619,0.118860189,655.5726117,0.749446494
5ef4024d5199de5f27cfcafc,430,431,269.2352651,0.096207519,686.1839599,0.770152684
5ef4024d5199de5f27cfcafd,431,432,264.7866935,0.093662781,682.9862502,0.757264817
5ef4024d5199de5f27cfcafe,432,433,259.6640862,0.060866716,630.1834193,0.631973458
5ef4024d5199de5f27cfcaff,433,434,252.0281973,0.068790018,686.7699885,0.747126909
5ef4024d5199de5f27cfcb00,434,435,302.6050051,0.117866667,655.0265436,0.729805128
5ef4024d5199de5f27cfcb01,435,436,286.5721377,0.113672724,687.9019157,0.778520737
5ef4024d5199de5f27cfcb02,436,437,258.308641,0.11722047,681.7838735,0.762404228
5ef4024d5199de5f27cfcb03,437,438,264.5952069,0.107128226,665.2771815,0.733183122
5ef4024d5199de5f27cfcb04,438,439,261.0678091,0.096138078,711.4255494,0.797351591
5ef4024d5199de5f27cfcb05,439,440,275.1572428,0.055967078,604.8008642,0.626213992
5ef4024d5199de5f27cfcb06,440,441,307.118987,0.113979642,673.3985388,0.749055984
5ef4024d5199de5f27cfcb07,441,442,261.922348,0.081425876,692.9081139,0.751210107
5ef4024d5199de5f27cfcb08,442,443,249.1677049,0.105819672,746.3295082,0.831393443
5ef4024d5199de5f27cfcb09,443,444,255.5283947,0.110136852,673.6752848,0.729042039
5ef4024d5199de5f27cfcb0a,444,445,276.465448,0.11685384,722.8933929,0.827362899
5ef4024d5199de5f27cfcb0b,445,446,294.5532491,0.127625533,678.7429439,0.76792747
5ef4024d5199de5f27cfcb0c,446,447,266.3026715,0.11673359,697.4480456,0.773826108
5ef4024d5199de5f27cfcb0d,447,448,266.688407,0.103157091,634.9441144,0.68653993
5ef4024d5199de5f27cfcb0e,448,449,251.9660753,0.113614947,682.0591224,0.765559061
5ef4024d5199de5f27cfcb0f,449,450,252.2858314,0.119028108,690.9432926,0.791403753
5ef4024d5199de5f27cfcb10,450,451,248.8908293,0.069446153,719.7572254,0.788135941
5ef4024d5199de5f27cfcb11,451,452,261.7468349,0.111443438,644.6727578,0.697750645
5ef4024d5199de5f27cfcb12,452,453,259.7351531,0.119349154,715.5805976,0.823517357
5ef4024d5199de5f27cfcb13,453,454,264.8797967,0.096507051,676.2433175,0.763119055
5ef4024d5199de5f27cfcb14,454,455,283.4922931,0.057092359,662.3899462,0.69731596
5ef4024d5199de5f27cfcb15,455,456,244.4799885,0.063659825,664.596944,0.689115563
5ef4024d5199de5f27cfcb16,456,457,282.1104037,0.072534604,615.7287551,0.634862611
5ef4024d5199de5f27cfcb17,457,458,260.9940554,0.09708101,696.5680551,0.789480157
5ef4024d5199de5f27cfcb18,458,459,229.3492623,0.072172131,737.7531557,0.79704918
5ef4024d5199de5f27cfcb19,459,460,311.1091454,0.114030047,596.3692636,0.656801576
5ef4024d5199de5f27cfcb1a,460,461,254.1329153,0.113857125,740.0081561,0.862494365
5ef4024d5199de5f27cfcb1b,461,462,250.579409,0.117750727,726.7403582,0.821918931
5ef4024d5199de5f27cfcb1c,462,463,255.8783618,0.093309282,699.638693,0.781034765
5ef4024d5199de5f27cfcb1d,463,464,274.2175684,0.078715776,657.5193937,0.704775098
5ef4024d5199de5f27cfcb1e,464,465,283.0335816,0.080785217,534.2605045,0.492119017
5ef4024d5199de5f27cfcb1f,465,466,253.6367063,0.105284719,686.44322,0.76177796
5ef4024d5199de5f27cfcb20,466,467,301.0973608,0.120592702,684.7859869,0.779706933
5ef4024d5199de5f27cfcb21,467,468,237.1520937,0.064820126,649.2416209,0.660288454
5ef4024d5199de5f27cfcb22,468,469,307.4669157,0.119366226,640.3723011,0.737254741
5ef4024d5199de5f27cfcb23,469,470,279.2872428,0.08691358,575.8333333,0.592962963
5ef4024d5199de5f27cfcb24,470,471,271.0190527,0.118208637,679.4624682,0.748996148
5ef4024d5199de5f27cfcb25,471,472,255.902455,0.107832288,749.127997,0.844747736
5ef4024d5199de5f27cfcb26,472,473,274.9594838,0.106800492,651.9471938,0.694715281
5ef4024d5199de5f27cfcb27,473,474,271.4225739,0.110819565,644.1684638,0.73162232
5ef4024d5199de5f27cfcb28,474,475,378.7870414,0.085239473,1460.972832,0.74474839
5ef4024d5199de5f27cfcb29,475,476,326.8457853,0.118366167,495.6647256,0.463222236
5ef4024d5199de5f27cfcb2a,476,477,326.895808,0.058257866,1449.377743,0.733918402
5ef4024d5199de5f27cfcb2b,477,478,390.7424837,0.085714286,1530.633053,0.781699346
5ef4024d5199de5f27cfcb2c,478,479,267.1071723,0.117630105,649.3009717,0.746459157
5ef4024d5199de5f27cfcb2d,479,480,262.4528061,0.100779349,617.4597336,0.683806853
5ef4024d5199de5f27cfcb2e,480,481,252.8612462,0.10224182,739.6664057,0.851438226
5ef4024d5199de5f27cfcb2f,481,482,268.8800462,0.115665333,564.4588264,0.608758402
5ef4024d5199de5f27cfcb30,482,483,289.3663129,0.095057191,687.2865755,0.818681092
5ef4024d5199de5f27cfcb31,483,484,379.3690912,0.135665154,1233.901873,0.75179277
5ef4024d5199de5f27cfcb32,484,485,246.6523855,0.062677828,662.2616387,0.734114057
5ef4024d5199de5f27cfcb33,485,486,268.8692425,0.112943796,575.9018597,0.632468764
5ef4024d5199de5f27cfcb34,486,487,475.7096172,0.150140056,729.1052288,0.326423903
5ef4024d5199de5f27cfcb35,487,488,251.6480673,0.104714415,632.9677326,0.711036017
5ef4024d5199de5f27cfcb36,488,489,317.8009987,0.094066676,1151.678587,0.717506242
5ef4024d5199de5f27cfcb37,489,490,407.2434174,0.09729225,1430.655275,0.72464986
5ef4024d5199de5f27cfcb38,490,491,277.6863655,0.085702445,551.968131,0.529133858
5ef4024d5199de5f27cfcb39,491,492,369.3051474,0.109509287,1358.264393,0.704093892
5ef4024d5199de5f27cfcb3a,492,493,376.1471385,0.078517412,1526.433573,0.780132574
5ef4024d5199de5f27cfcb3b,493,494,260.883005,0.104219896,681.8457513,0.780186269
5ef4024d5199de5f27cfcb3c,494,495,441.5607843,0.12194211,902.1680672,0.424743231
5ef4024d5199de5f27cfcb3d,495,496,262.7691387,0.073086134,636.1589727,0.6735486
5ef4024d5199de5f27cfcb3e,496,497,294.1852081,0.103939544,558.2884044,0.591468451
5ef4024d5199de5f27cfcb3f,497,498,248.8495426,0.095730652,737.9662079,0.851726696
5ef4024d5199de5f27cfcb40,498,499,256.7598862,0.095501216,599.1484887,0.684507855
5ef4024d5199de5f27cfcb41,499,500,247.1109371,0.113574549,746.5759087,0.871631089
5ef4024d5199de5f27cfcb42,500,501,298.4648387,0.112441673,603.7627287,0.680802742
5ef4024d5199de5f27cfcb43,501,502,398.2015346,0.111953407,1405.617824,0.742534899
5ef4024d5199de5f27cfcb44,502,503,373.833126,0.136426846,1112.372539,0.682500183
5ef4024d5199de5f27cfcb45,503,504,293.6721724,0.100177561,649.6898873,0.742247182
5ef4024d5199de5f27cfcb46,504,505,382.8641405,0.108225508,1364.158133,0.720147874
5ef4024d5199de5f27cfcb47,505,506,249.5281052,0.110236545,739.461922,0.867139207
5ef4024d5199de5f27cfcb48,506,507,265.9557395,0.120512187,654.7707922,0.756175889
5ef4024d5199de5f27cfcb49,507,508,392.0750393,0.115423713,1392.839479,0.725164033
5ef4024d5199de5f27cfcb4a,508,509,473.7003735,0.148832866,718.0201681,0.319514472
5ef4024d5199de5f27cfcb4b,509,510,237.5001236,0.068037583,732.8469051,0.814472925
5ef4024d5199de5f27cfcb4c,510,511,257.3866568,0.109160588,640.268348,0.746322166
5ef4024d5199de5f27cfcb4d,511,512,258.247612,0.119812253,645.3290926,0.747117918
5ef4024d5199de5f27cfcb4e,512,513,252.8286256,0.09088285,637.3423776,0.712754113
5ef4024d5199de5f27cfcb4f,513,514,257.5204813,0.105538614,664.2233166,0.764402868
5ef4024d5199de5f27cfcb50,514,515,297.9896767,0.110500888,666.6899699,0.80616922
5ef4024d5199de5f27cfcb51,515,516,258.0334419,0.112613913,620.7304441,0.715846769
5ef4024d5199de5f27cfcb52,516,517,380.9338064,0.080384651,1415.19634,0.716833162
5ef4024d5199de5f27cfcb53,517,518,290.1671553,0.097576083,697.2320271,0.781351943
5ef4024d5199de5f27cfcb54,518,519,360.8475779,0.118176496,1292.831699,0.767305722
5ef4024d5199de5f27cfcb55,519,520,466.3029879,0.140242764,704.9878618,0.30821662
5ef4024d5199de5f27cfcb56,520,521,261.6422101,0.117136034,659.2024457,0.762763505
5ef4024d5199de5f27cfcb57,521,522,304.0166832,0.120540139,513.6382557,0.513420879
5ef4024d5199de5f27cfcb58,522,523,280.7120205,0.102366106,670.1600529,0.764669447
5ef4024d5199de5f27cfcb59,523,524,254.7121368,0.098248506,714.2012776,0.815042242
5ef4024d5199de5f27cfcb5a,524,525,299.7554922,0.109803436,486.6956558,0.464940535
5ef4024d5199de5f27cfcb5b,525,526,255.5417679,0.103380131,695.6029478,0.783893944
5ef4024d5199de5f27cfcb5c,526,527,252.0921405,0.057474577,644.3027708,0.636707975
5ef4024d5199de5f27cfcb5d,527,528,355.6028996,0.047139288,705.4073801,0.56382848
5ef4024d5199de5f27cfcb5e,528,529,468.9876567,0.1768221,1304.533895,0.765869906
5ef4024d5199de5f27cfcb5f,529,530,325.2949405,0.158066678,672.0776512,0.770480818
5ef4024d5199de5f27cfcb60,530,531,494.23653,0.157531049,713.8469512,0.315435615
5ef4024d5199de5f27cfcb61,531,532,505.0819014,0.160160628,753.9697422,0.332461711
5ef4024d5199de5f27cfcb62,532,533,246.3700441,0.090905348,709.8259294,0.804644078
5ef4024d5199de5f27cfcb63,533,534,627.7080406,0.225507416,1645.235363,0.790105386
5ef4024d5199de5f27cfcb64,534,535,285.6116441,0.111521115,637.7104961,0.703772038
5ef4024d5199de5f27cfcb65,535,536,267.5120541,0.110414104,660.3565396,0.744485445
5ef4024d5199de5f27cfcb66,536,537,254.4271466,0.093334428,681.5522492,0.762682647
5ef4024d5199de5f27cfcb67,537,538,260.3610655,0.090502381,682.4642095,0.764734855
5ef4024d5199de5f27cfcb68,538,539,244.996887,0.061235357,679.19923,0.71487671
5ef4024d5199de5f27cfcb69,539,540,249.8247004,0.064644558,687.8974717,0.751026104
5ef4024d5199de5f27cfcb6a,540,541,301.0019282,0.116471795,684.593641,0.760164103
5ef4024d5199de5f27cfcb6b,541,542,274.0452065,0.111088321,710.5090864,0.795544981
5ef4024d5199de5f27cfcb6c,542,543,252.5930676,0.109845536,684.5440652,0.754865407
5ef4024d5199de5f27cfcb6d,543,544,256.933347,0.099836133,678.1724293,0.741253585
5ef4024d5199de5f27cfcb6e,544,545,257.9356346,0.091505412,703.1381191,0.777427025
5ef4024d5199de5f27cfcb6f,545,546,271.1798354,0.054074074,680.1369547,0.740534979
5ef4024d5199de5f27cfcb70,546,547,299.4998769,0.1054835,657.0476933,0.723526515
5ef4024d5199de5f27cfcb71,547,548,250.9724342,0.078431373,698.8136024,0.758265649
5ef4024d5199de5f27cfcb72,548,549,241.0887705,0.09942623,753.8983607,0.834508197
5ef4024d5199de5f27cfcb73,549,550,247.2345325,0.101696304,751.5006556,0.840162255
5ef4024d5199de5f27cfcb74,550,551,265.9921305,0.111566522,753.8449053,0.863267481
5ef4024d5199de5f27cfcb75,551,552,286.9494995,0.124097473,693.9433459,0.782655071
5ef4024d5199de5f27cfcb76,552,553,264.7363763,0.112882078,695.0574449,0.756371384
5ef4024d5199de5f27cfcb77,553,554,254.9297717,0.103963337,683.1356615,0.768013239
5ef4024d5199de5f27cfcb78,554,555,245.6747245,0.108780268,669.506535,0.731552423
5ef4024d5199de5f27cfcb79,555,556,252.5769483,0.113783496,689.50463,0.775669917
5ef4024d5199de5f27cfcb7a,556,557,243.991104,0.068093305,722.5802894,0.784282376
5ef4024d5199de5f27cfcb7b,557,558,255.7494571,0.106936535,635.0161019,0.666980784
5ef4024d5199de5f27cfcb7c,558,559,252.1639002,0.115332596,718.7948277,0.809049551
5ef4024d5199de5f27cfcb7d,559,560,256.5987619,0.090480485,699.7443014,0.795629715
5ef4024d5199de5f27cfcb7e,560,561,273.2164084,0.059394139,689.5967775,0.742611698
5ef4024d5199de5f27cfcb7f,561,562,245.2236287,0.057064438,663.7625251,0.68231535
5ef4024d5199de5f27cfcb80,562,563,277.4763215,0.072000657,626.5199819,0.658890212
5ef4024d5199de5f27cfcb81,563,564,250.5043047,0.090070515,712.0029518,0.794522794
5ef4024d5199de5f27cfcb82,564,565,225.5835656,0.068811475,751.9140574,0.813811475
5ef4024d5199de5f27cfcb83,565,566,310.1797471,0.118422133,648.3197603,0.735859125
5ef4024d5199de5f27cfcb84,566,567,252.5855568,0.114799787,754.5438338,0.869830731
5ef4024d5199de5f27cfcb85,567,568,241.2209927,0.111971802,752.3987049,0.850854543
5ef4024d5199de5f27cfcb86,568,569,250.319408,0.089127583,687.4054198,0.759757297
5ef4024d5199de5f27cfcb87,569,570,256.2569263,0.075782269,700.1916558,0.762874837
5ef4024d5199de5f27cfcb88,570,571,274.3693979,0.074529816,536.5093214,0.517017161
5ef4024d5199de5f27cfcb89,571,572,252.8335928,0.099795166,695.0934453,0.765628841
5ef4024d5199de5f27cfcb8a,572,573,296.7464187,0.112958174,676.2059681,0.759348192
5ef4024d5199de5f27cfcb8b,573,574,230.7010981,0.058919938,724.8848234,0.771531591
5ef4024d5199de5f27cfcb8c,574,575,307.7990313,0.119612511,663.5068139,0.750964617
5ef4024d5199de5f27cfcb8d,575,576,279.2349794,0.083868313,632.538107,0.687983539
5ef4024d5199de5f27cfcb8e,576,577,269.6422601,0.114930755,695.1524215,0.765180693
5ef4024d5199de5f27cfcb8f,577,578,247.378704,0.105004303,733.3055043,0.807697037
5ef4024d5199de5f27cfcb90,578,579,268.0295371,0.101269971,683.2082343,0.731134781
5ef4024d5199de5f27cfcb91,579,580,265.2670657,0.105571727,665.256734,0.764790292
5ef4024d5199de5f27cfcb92,580,581,363.3028662,0.086546541,1494.245262,0.766875175
5ef4024d5199de5f27cfcb93,581,582,321.406352,0.112171148,520.092884,0.487795812
5ef4024d5199de5f27cfcb94,582,583,315.6166558,0.063486136,1467.218934,0.742227616
5ef4024d5199de5f27cfcb95,583,584,370.0963585,0.077497666,1492.213819,0.756582633
5ef4024d5199de5f27cfcb96,584,585,261.8859519,0.113389328,648.8620306,0.749135375
5ef4024d5199de5f27cfcb97,585,586,255.4106222,0.092161148,727.5755639,0.837986062
5ef4024d5199de5f27cfcb98,586,587,249.4952196,0.099109866,710.9725954,0.806024891
5ef4024d5199de5f27cfcb99,587,588,263.3330997,0.110717084,618.539318,0.698734073
5ef4024d5199de5f27cfcb9a,588,589,284.7702028,0.089854235,700.0286988,0.799892637
5ef4024d5199de5f27cfcb9b,589,590,371.3195522,0.130103908,1298.339163,0.774184107
5ef4024d5199de5f27cfcb9c,590,591,237.4229104,0.056203868,724.6878479,0.805410086
5ef4024d5199de5f27cfcb9d,591,592,261.8858191,0.106511072,589.6179951,0.678487485
5ef4024d5199de5f27cfcb9e,592,593,464.7658263,0.140709617,723.7038282,0.31914099
5ef4024d5199de5f27cfcb9f,593,594,242.0104261,0.106033133,671.2189895,0.762136322
5ef4024d5199de5f27cfcba0,594,595,293.6144808,0.08261125,1240.760905,0.763988838
5ef4024d5199de5f27cfcba1,595,596,370.434267,0.078991597,1606.205322,0.82054155
5ef4024d5199de5f27cfcba2,596,597,276.3186075,0.080853709,546.9244923,0.523249068
5ef4024d5199de5f27cfcba3,597,598,361.9188615,0.106552075,1584.644672,0.830699566
5ef4024d5199de5f27cfcba4,598,599,378.8550089,0.07889086,1414.317991,0.714219027
5ef4024d5199de5f27cfcba5,599,600,256.8709717,0.102530289,681.7698426,0.777177944
5ef4024d5199de5f27cfcba6,600,601,406.0855275,0.09869281,1242.515593,0.622689076
5ef4024d5199de5f27cfcba7,601,602,241.817904,0.071971261,591.55211,0.614295152
5ef4024d5199de5f27cfcba8,602,603,296.996366,0.099066733,591.7063925,0.647299306
5ef4024d5199de5f27cfcba9,603,604,242.2809693,0.094082255,773.6537542,0.880326383
5ef4024d5199de5f27cfcbaa,604,605,245.781741,0.091212733,611.6236856,0.691352934
5ef4024d5199de5f27cfcbab,605,606,242.0540674,0.107104591,743.5834501,0.871795928
5ef4024d5199de5f27cfcbac,606,607,295.630301,0.107321303,660.6084982,0.795598134
5ef4024d5199de5f27cfcbad,607,608,389.4316354,0.110936489,1392.43293,0.729684755
5ef4024d5199de5f27cfcbae,608,609,364.0840225,0.127644002,1208.932153,0.741638
5ef4024d5199de5f27cfcbaf,609,610,288.689144,0.09765867,629.4387414,0.696824545
5ef4024d5199de5f27cfcbb0,610,611,380.0485213,0.107486137,1347.958688,0.705914972
5ef4024d5199de5f27cfcbb1,611,612,243.7924668,0.104261106,746.3537872,0.862812165
5ef4024d5199de5f27cfcbb2,612,613,261.7742918,0.117794796,634.6049489,0.727807971
5ef4024d5199de5f27cfcbb3,613,614,383.6835782,0.1124665,1438.828482,0.750023103
5ef4024d5199de5f27cfcbb4,614,615,463.4776844,0.139589169,705.5104575,0.309430439
5ef4024d5199de5f27cfcbb5,615,616,235.9412759,0.065400148,707.5183796,0.77429325
5ef4024d5199de5f27cfcbb6,616,617,252.9096716,0.106028763,646.6908147,0.740388181
5ef4024d5199de5f27cfcbb7,617,618,251.092556,0.116971344,670.554142,0.773097826
5ef4024d5199de5f27cfcbb8,618,619,253.2186714,0.085563482,623.8573667,0.684878974
5ef4024d5199de5f27cfcbb9,619,620,246.0124042,0.10743427,677.8979642,0.784060002
5ef4024d5199de5f27cfcbba,620,621,289.342115,0.104306892,748.3369947,0.898913986
5ef4024d5199de5f27cfcbbb,621,622,256.4164777,0.105109068,622.3543771,0.699641252
5ef4024d5199de5f27cfcbbc,622,623,368.4614882,0.084305854,1462.786855,0.746802353
5ef4024d5199de5f27cfcbbd,623,624,273.557088,0.098195483,665.4511707,0.747697898
5ef4024d5199de5f27cfcbbe,624,625,349.2326943,0.108224791,1247.376189,0.733060149
5ef4024d5199de5f27cfcbbf,625,626,449.7245565,0.128851541,1090.26704,0.530718954
5ef4024d5199de5f27cfcbc0,626,627,255.0754282,0.109683794,707.769804,0.827033926
5ef4024d5199de5f27cfcbc1,627,628,295.8770235,0.114841427,515.0123059,0.511273538
5ef4024d5199de5f27cfcbc2,628,629,269.6490482,0.104843705,625.1254904,0.694883759
5ef4024d5199de5f27cfcbc3,629,630,249.5179064,0.090954049,708.4561302,0.814300433
5ef4024d5199de5f27cfcbc4,630,631,295.8799141,0.103154939,557.9155104,0.599520978
5ef4024d5199de5f27cfcbc5,631,632,253.447116,0.102515542,693.4256248,0.752110009
5ef4024d5199de5f27cfcbc6,632,633,247.5743752,0.057639261,614.9923422,0.599036601
5ef4024d5199de5f27cfcbc7,633,634,348.9410657,0.041978949,710.4702052,0.560347299
5ef4024d5199de5f27cfcbc8,634,635,455.6139303,0.163303292,1301.180937,0.760971787
5ef4024d5199de5f27cfcbc9,635,636,303.2746691,0.152286815,690.1078908,0.800636623
5ef4024d5199de5f27cfcbca,636,637,479.9683444,0.147539453,710.393314,0.309365954
5ef4024d5199de5f27cfcbcb,637,638,490.3847591,0.149047441,730.1512888,0.318173328
5ef4024d5199de5f27cfcbcc,638,639,243.6428424,0.086458891,712.0714727,0.777924163
5ef4024d5199de5f27cfcbcd,639,640,601.2136027,0.206869633,1644.185109,0.786787666
5ef4024d5199de5f27cfcbce,640,641,277.9896269,0.105289053,662.4799508,0.729397294
5ef4024d5199de5f27cfcbcf,641,642,259.4639606,0.103649036,660.4333743,0.743583436
5ef4024d5199de5f27cfcbd0,642,643,248.5930471,0.090666557,682.0352569,0.767115416
5ef4024d5199de5f27cfcbd1,643,644,252.9921606,0.08684945,678.1452553,0.759440158
5ef4024d5199de5f27cfcbd2,644,645,236.0111002,0.052306054,684.3607356,0.710412059
5ef4024d5199de5f27cfcbd3,645,646,248.7558283,0.061073715,699.074331,0.761820719
5ef4024d5199de5f27cfcbd4,646,647,292.6735179,0.113805128,700.6748308,0.77534359
5ef4024d5199de5f27cfcbd5,647,648,265.1969069,0.11034992,723.3209993,0.807113263
5ef4024d5199de5f27cfcbd6,648,649,244.315934,0.103208096,675.272135,0.720571967
5ef4024d5199de5f27cfcbd7,649,650,256.7721426,0.094797214,685.1475625,0.742359689
5ef4024d5199de5f27cfcbd8,650,651,249.6577566,0.088963595,701.1270499,0.770908495
5ef4024d5199de5f27cfcbd9,651,652,265.1040741,0.049465021,726.2135391,0.774609053
5ef4024d5199de5f27cfcbda,652,653,286.4072402,0.101461172,691.9275981,0.77158923
5ef4024d5199de5f27cfcbdb,653,654,239.8102798,0.065222742,747.866519,0.810689966
5ef4024d5199de5f27cfcbdc,654,655,232.7032787,0.090983607,781.9864344,0.859836066
5ef4024d5199de5f27cfcbdd,655,656,234.6105876,0.094484963,793.6150946,0.887896419
5ef4024d5199de5f27cfcbde,656,657,261.9713501,0.110828756,770.5956636,0.871628822
5ef4024d5199de5f27cfcbdf,657,658,275.4703397,0.122661634,720.5158763,0.804766984
5ef4024d5199de5f27cfcbe0,658,659,256.4836516,0.104031795,694.6999918,0.737810374
5ef4024d5199de5f27cfcbe1,659,660,247.9870152,0.096749554,689.5784181,0.765255028
5ef4024d5199de5f27cfcbe2,660,661,239.3681321,0.100954644,753.2086287,0.852337444
5ef4024d5199de5f27cfcbe3,661,662,244.647054,0.106858969,685.7561255,0.756863066
5ef4024d5199de5f27cfcbe4,662,663,233.9547821,0.063829787,740.5323658,0.804001148
5ef4024d5199de5f27cfcbe5,663,664,247.705904,0.097717868,712.270783,0.787233171
5ef4024d5199de5f27cfcbe6,664,665,243.0709045,0.111602935,689.1371368,0.754375179
5ef4024d5199de5f27cfcbe7,665,666,244.2956707,0.084002952,707.3979173,0.789808134
5ef4024d5199de5f27cfcbe8,666,667,259.6241111,0.052612109,646.3594476,0.65391097
5ef4024d5199de5f27cfcbe9,667,668,239.6972267,0.053787227,639.1178157,0.640571873
5ef4024d5199de5f27cfcbea,668,669,269.6376556,0.069330924,669.3100998,0.722142358
5ef4024d5199de5f27cfcbeb,669,670,247.485651,0.088717612,699.3221958,0.764799934
5ef4024d5199de5f27cfcbec,670,671,220.7595082,0.063032787,755.6791393,0.80795082
5ef4024d5199de5f27cfcbed,671,672,309.3293654,0.114522617,669.5420737,0.750102619
5ef4024d5199de5f27cfcbee,672,673,240.7734333,0.107955244,744.81905,0.83757531
5ef4024d5199de5f27cfcbef,673,674,234.4020247,0.106315833,775.7229805,0.877986803
5ef4024d5199de5f27cfcbf0,674,675,245.5824451,0.086175795,669.1209003,0.732904231
5ef4024d5199de5f27cfcbf1,675,676,239.6720991,0.074559974,692.9073501,0.758800522
5ef4024d5199de5f27cfcbf2,676,677,272.7372731,0.07103173,586.6828676,0.587678505
5ef4024d5199de5f27cfcbf3,677,678,249.7905367,0.093936911,681.5598935,0.734535027
5ef4024d5199de5f27cfcbf4,678,679,282.0426466,0.107416985,701.1796987,0.77933752
5ef4024d5199de5f27cfcbf5,679,680,220.2961567,0.054330902,758.3487667,0.810210604
5ef4024d5199de5f27cfcbf6,680,681,304.4405632,0.117683277,701.0678516,0.790206059
5ef4024d5199de5f27cfcbf7,681,682,271.9408642,0.082386831,711.476749,0.806790123
5ef4024d5199de5f27cfcbf8,682,683,266.5370401,0.108006228,688.3830206,0.743136934
5ef4024d5199de5f27cfcbf9,683,684,239.1886553,0.098159761,753.1462765,0.832698061
5ef4024d5199de5f27cfcbfa,684,685,262.7079885,0.095247849,689.0334699,0.729537075
5ef4024d5199de5f27cfcbfb,685,686,252.8418269,0.096838998,710.0882703,0.820917552
5ef4024d5199de5f27cfcbfc,686,687,362.6273924,0.09504248,1516.670899,0.776304733
5ef4024d5199de5f27cfcbfd,687,688,314.0661628,0.106926031,516.5437162,0.481270392
5ef4024d5199de5f27cfcbfe,688,689,314.5126505,0.062365792,1457.348707,0.734198488
5ef4024d5199de5f27cfcbff,689,690,373.270028,0.075536881,1426.815313,0.719421102
5ef4024d5199de5f27cfcc00,690,691,256.4571393,0.111248353,622.7737154,0.711338933
5ef4024d5199de5f27cfcc01,691,692,248.0696878,0.085109892,767.5828626,0.876417467
5ef4024d5199de5f27cfcc02,692,693,246.0155774,0.098862606,650.9366191,0.71515701
5ef4024d5199de5f27cfcc03,693,694,255.0285349,0.100944291,631.6475609,0.703352439
5ef4024d5199de5f27cfcc04,694,695,267.8872693,0.089482595,698.5842177,0.791510096
5ef4024d5199de5f27cfcc05,695,696,360.6665447,0.119347285,1226.695595,0.722742573
5ef4024d5199de5f27cfcc06,696,697,231.3148324,0.055626572,724.6344893,0.781658488
5ef4024d5199de5f27cfcc07,697,698,253.5341635,0.103748299,601.8863964,0.686033566
5ef4024d5199de5f27cfcc08,698,699,442.2565826,0.125583567,1111.983193,0.543977591
5ef4024d5199de5f27cfcc09,699,700,235.0969257,0.102447869,715.566348,0.812783318
5ef4024d5199de5f27cfcc0a,700,701,285.2537818,0.075194595,1342.224335,0.821412836
5ef4024d5199de5f27cfcc0b,701,702,364.9268908,0.076377218,1504.310177,0.76162465
5ef4024d5199de5f27cfcc0c,702,703,268.5696643,0.072648156,585.6660588,0.561665976
5ef4024d5199de5f27cfcc0d,703,704,331.300804,0.092228075,1654.604103,0.857776546
5ef4024d5199de5f27cfcc0e,704,705,363.0537765,0.081224909,1464.450378,0.745495285
5ef4024d5199de5f27cfcc0f,705,706,246.3055716,0.104137476,694.3872084,0.797082337
5ef4024d5199de5f27cfcc10,706,707,363.7097106,0.073295985,1545.456116,0.788515406
5ef4024d5199de5f27cfcc11,707,708,233.3438765,0.065364605,566.1816418,0.585721364
5ef4024d5199de5f27cfcc12,708,709,291.7677981,0.093904856,651.6787661,0.768665345
5ef4024d5199de5f27cfcc13,709,710,236.8483475,0.087365038,755.6755543,0.852427264
5ef4024d5199de5f27cfcc14,710,711,247.4183333,0.085975836,610.3794483,0.672137231
5ef4024d5199de5f27cfcc15,711,712,237.0179675,0.102530289,717.1345916,0.828813978
5ef4024d5199de5f27cfcc16,712,713,282.1892885,0.099888508,750.0543007,0.896436388
5ef4024d5199de5f27cfcc17,713,714,386.5079967,0.114911713,1434.930202,0.750023112
5ef4024d5199de5f27cfcc18,714,715,356.268755,0.120910488,1298.19293,0.778818707
5ef4024d5199de5f27cfcc19,715,716,267.333237,0.098980055,616.2881034,0.67890325
5ef4024d5199de5f27cfcc1a,716,717,364.639464,0.105822551,1401.730961,0.732624769
5ef4024d5199de5f27cfcc1b,717,718,236.4680623,0.09667848,740.1290695,0.862029177
5ef4024d5199de5f27cfcc1c,718,719,253.5494895,0.113718709,660.4668149,0.748147233
5ef4024d5199de5f27cfcc1d,719,720,363.1343684,0.107106552,1558.93873,0.813233527
5ef4024d5199de5f27cfcc1e,720,721,448.4875817,0.128851541,693.6438842,0.300186741
5ef4024d5199de5f27cfcc1f,721,722,227.749897,0.060166488,648.5104673,0.685032556
5ef4024d5199de5f27cfcc20,722,723,250.5715169,0.105657889,645.7563358,0.735154737
5ef4024d5199de5f27cfcc21,723,724,244.2213439,0.109683794,703.3488554,0.832056983
5ef4024d5199de5f27cfcc22,724,725,247.0104738,0.078223578,736.1069647,0.842192075
5ef4024d5199de5f27cfcc23,725,726,239.7694717,0.10207698,721.8223028,0.845174318
5ef4024d5199de5f27cfcc24,726,727,281.8254945,0.097699963,730.7677664,0.846554074
5ef4024d5199de5f27cfcc25,727,728,252.2180529,0.097026927,677.9489506,0.786977857
5ef4024d5199de5f27cfcc26,728,729,354.4145271,0.087200075,1529.615349,0.783493605
5ef4024d5199de5f27cfcc27,729,730,261.9277367,0.100796961,605.1434117,0.659206343
5ef4024d5199de5f27cfcc28,730,731,349.5661496,0.107054003,1238.87897,0.732840626
5ef4024d5199de5f27cfcc29,731,732,406.4755369,0.100840336,1521.610551,0.769747899
5ef4024d5199de5f27cfcc2a,732,733,249.1110837,0.100008235,747.283638,0.865406785
5ef4024d5199de5f27cfcc2b,733,734,296.5538074,0.109555666,584.1435002,0.637058143
5ef4024d5199de5f27cfcc2c,734,735,252.6809266,0.110046661,579.1526201,0.631374654
5ef4024d5199de5f27cfcc2d,735,736,246.3678137,0.090954049,691.7025757,0.778569957
5ef4024d5199de5f27cfcc2e,736,737,299.2702346,0.096217377,560.9091097,0.612735382
5ef4024d5199de5f27cfcc2f,737,738,250.7525629,0.098233768,643.2374326,0.677714192
5ef4024d5199de5f27cfcc30,738,739,242.7629791,0.053110462,569.0792128,0.548149368
5ef4024d5199de5f27cfcc31,739,740,343.5557603,0.035917598,698.9083016,0.531269198
5ef4024d5199de5f27cfcc32,740,741,440.9988245,0.150862069,1301.873237,0.759012539
5ef4024d5199de5f27cfcc33,741,742,288.2497906,0.144747864,693.2943542,0.793935333
5ef4024d5199de5f27cfcc34,742,743,459.6540293,0.134559716,692.4407508,0.296106079
5ef4024d5199de5f27cfcc35,743,744,480.119817,0.141763168,723.9430332,0.311075831
5ef4024d5199de5f27cfcc36,744,745,241.2549302,0.087446992,662.457244,0.7004817
5ef4024d5199de5f27cfcc37,745,746,574.8698283,0.194964871,1642.093482,0.782396565
5ef4024d5199de5f27cfcc38,746,747,267.8796638,0.095858959,643.7781058,0.697949979
5ef4024d5199de5f27cfcc39,747,748,247.5200082,0.094423944,711.3636326,0.808692087
5ef4024d5199de5f27cfcc3a,748,749,249.4397882,0.084838286,700.5370218,0.787596454
5ef4024d5199de5f27cfcc3b,749,750,255.0068544,0.082621901,696.1024462,0.775160072
5ef4024d5199de5f27cfcc3c,750,751,226.5912591,0.045301876,660.4405259,0.659867289
5ef4024d5199de5f27cfcc3d,751,752,240.3945986,0.055655886,697.2337876,0.755171565
5ef4024d5199de5f27cfcc3e,752,753,280.753641,0.110810256,732.8750769,0.807015385
5ef4024d5199de5f27cfcc3f,753,754,258.9624646,0.104729868,777.0992329,0.863929114
5ef4024d5199de5f27cfcc40,754,755,237.3098291,0.094767894,755.5344368,0.842422256
5ef4024d5199de5f27cfcc41,755,756,251.1410897,0.08906186,662.8999181,0.70270381
5ef4024d5199de5f27cfcc42,756,757,239.5545671,0.084658905,724.7532388,0.800385372
5ef4024d5199de5f27cfcc43,757,758,254.3449794,0.047613169,732.8704938,0.787572016
5ef4024d5199de5f27cfcc44,758,759,261.8510097,0.099778362,692.6494828,0.771876539
5ef4024d5199de5f27cfcc45,759,760,223.9129133,0.054762491,756.7275822,0.810977111
5ef4024d5199de5f27cfcc46,760,761,227.8167213,0.085163934,783.4930328,0.854385246
5ef4024d5199de5f27cfcc47,761,762,228.0072113,0.086536098,783.7584201,0.858518397
5ef4024d5199de5f27cfcc48,762,763,251.1343963,0.10349209,766.719977,0.846790721
5ef4024d5199de5f27cfcc49,763,764,265.9378897,0.121595011,727.121513,0.80690023
5ef4024d5199de5f27cfcc4a,764,765,248.9200606,0.098008686,673.1506597,0.694091617
5ef4024d5199de5f27cfcc4b,765,766,240.1229313,0.090172282,684.6337096,0.732114063
5ef4024d5199de5f27cfcc4c,766,767,223.1624124,0.090957512,799.9487852,0.905682796
5ef4024d5199de5f27cfcc4d,767,768,237.0746947,0.100057363,667.0934606,0.708719167
5ef4024d5199de5f27cfcc4e,768,769,225.9054237,0.058828352,732.3306686,0.780920756
5ef4024d5199de5f27cfcc4f,769,770,231.8118573,0.090711681,732.4911706,0.807391322
5ef4024d5199de5f27cfcc50,770,771,235.8369195,0.106479774,709.7556047,0.783556703
5ef4024d5199de5f27cfcc51,771,772,242.0786323,0.081912102,685.6825189,0.743686455
5ef4024d5199de5f27cfcc52,772,773,240.4726047,0.048049653,627.2075712,0.633770397
5ef4024d5199de5f27cfcc53,773,774,226.7443775,0.047888247,747.9926672,0.799557577
5ef4024d5199de5f27cfcc54,774,775,263.6173245,0.061527088,688.5125477,0.742144823
5ef4024d5199de5f27cfcc55,775,776,242.2625861,0.085109872,664.4594949,0.71777632
5ef4024d5199de5f27cfcc56,776,777,217.1552869,0.054631148,722.5003279,0.749385246
5ef4024d5199de5f27cfcc57,777,778,306.6629998,0.116164519,734.4604302,0.830761021
5ef4024d5199de5f27cfcc58,778,779,236.4914136,0.104963318,738.3717775,0.821591049
5ef4024d5199de5f27cfcc59,779,780,226.4418624,0.09738104,777.5232182,0.873478421
5ef4024d5199de5f27cfcc5a,780,781,236.9555592,0.081912102,685.0007789,0.747253198
5ef4024d5199de5f27cfcc5b,781,782,234.0397653,0.071707953,680.9553455,0.760674707
5ef4024d5199de5f27cfcc5c,782,783,271.0897979,0.06843903,632.4173834,0.669492572
5ef4024d5199de5f27cfcc5d,783,784,235.7043834,0.089635395,788.3843916,0.887218353
5ef4024d5199de5f27cfcc5e,784,785,259.9147888,0.102081025,726.8820342,0.819028855
5ef4024d5199de5f27cfcc5f,785,786,218.1908957,0.048594608,740.7535442,0.771859379
5ef4024d5199de5f27cfcc60,786,787,297.116616,0.108242345,684.9486085,0.761678023
5ef4024d5199de5f27cfcc61,787,788,264.7176132,0.077613169,763.4712757,0.846049383
5ef4024d5199de5f27cfcc62,788,789,258.5540031,0.099975416,690.4951241,0.726255839
5ef4024d5199de5f27cfcc63,789,790,229.5213328,0.092954629,791.1964425,0.870240584
5ef4024d5199de5f27cfcc64,790,791,263.2838181,0.0909873,683.5809914,0.713887751
5ef4024d5199de5f27cfcc65,791,792,242.2823992,0.090238203,741.4994055,0.84387684
5ef4024d5199de5f27cfcc66,792,793,353.4066847,0.091494725,1509.075436,0.769676034
5ef4024d5199de5f27cfcc67,793,794,314.6055838,0.101309214,578.219345,0.597943254
5ef4024d5199de5f27cfcc68,794,795,296.973952,0.055363645,1407.476426,0.699467837
5ef4024d5199de5f27cfcc69,795,796,355.8473389,0.083473389,1483.569468,0.753874883
5ef4024d5199de5f27cfcc6a,796,797,248.4104084,0.108242754,650.7997365,0.732954545
5ef4024d5199de5f27cfcc6b,797,798,242.1182219,0.090388025,723.1013566,0.802688549
5ef4024d5199de5f27cfcc6c,798,799,242.1413088,0.094329515,645.3332647,0.714580071
5ef4024d5199de5f27cfcc6d,799,800,254.2230423,0.097562987,608.2856377,0.655849243
5ef4024d5199de5f27cfcc6e,800,801,256.3397613,0.088574142,649.8838832,0.718503531
5ef4024d5199de5f27cfcc6f,801,802,361.6745207,0.117810625,1214.229475,0.719669252
5ef4024d5199de5f27cfcc70,802,803,223.5717702,0.051503031,683.0805328,0.715681828
5ef4024d5199de5f27cfcc71,803,804,254.0591728,0.095748629,601.9036741,0.666859099
5ef4024d5199de5f27cfcc72,804,805,391.6094304,0.093650794,1558.774416,0.78898226
5ef4024d5199de5f27cfcc73,805,806,230.5614852,0.098079618,684.1687134,0.762012693
5ef4024d5199de5f27cfcc74,806,807,277.9516816,0.070494933,1364.880452,0.817741225
5ef4024d5199de5f27cfcc75,807,808,363.2678805,0.076003735,1407.634921,0.709897292
5ef4024d5199de5f27cfcc76,808,809,255.67816,0.064732698,593.5126399,0.565478657
5ef4024d5199de5f27cfcc77,809,810,313.4603087,0.085297107,1767.50901,0.923297292
5ef4024d5199de5f27cfcc78,810,811,350.1606759,0.084212492,1550.346933,0.791616096
5ef4024d5199de5f27cfcc79,811,812,237.799967,0.098986236,740.3059013,0.86029836
5ef4024d5199de5f27cfcc7a,812,813,341.5478058,0.0643324,1576.716807,0.801213819
5ef4024d5199de5f27cfcc7b,813,814,227.8229003,0.056899827,627.5139153,0.673961516
5ef4024d5199de5f27cfcc7c,814,815,277.8028989,0.084861249,755.4076644,0.881772382
5ef4024d5199de5f27cfcc7d,815,816,232.2798154,0.082543476,765.2786203,0.87076568
5ef4024d5199de5f27cfcc7e,816,817,240.4572183,0.076491691,671.4972166,0.765741619
5ef4024d5199de5f27cfcc7f,817,818,232.3313278,0.102447869,666.3994066,0.747836479
5ef4024d5199de5f27cfcc80,818,819,273.163315,0.092249246,735.3912541,0.845728207
5ef4024d5199de5f27cfcc81,819,820,371.5715078,0.112138301,1402.720902,0.724785061
5ef4024d5199de5f27cfcc82,820,821,346.1087609,0.111761692,1208.574398,0.715582229
5ef4024d5199de5f27cfcc83,821,822,255.1735971,0.100301441,547.807408,0.584589338
5ef4024d5199de5f27cfcc84,822,823,356.7658965,0.10702403,1285.043715,0.660628466
5ef4024d5199de5f27cfcc85,823,824,230.4971977,0.092969587,719.5942059,0.823085799
5ef4024d5199de5f27cfcc86,824,825,247.0542655,0.106307642,699.2718215,0.82345191
5ef4024d5199de5f27cfcc87,825,826,330.8735792,0.089548101,1682.570003,0.876813603
5ef4024d5199de5f27cfcc88,826,827,411.124183,0.106535948,1211.220448,0.595518207
5ef4024d5199de5f27cfcc89,827,828,222.914613,0.055880656,636.9003132,0.678645018
5ef4024d5199de5f27cfcc8a,828,829,238.7638769,0.106688095,655.1823876,0.754769852
5ef4024d5199de5f27cfcc8b,829,830,239.804389,0.10009058,783.5161397,0.903985507
5ef4024d5199de5f27cfcc8c,830,831,238.8416972,0.069605377,780.2956167,0.883963548
5ef4024d5199de5f27cfcc8d,831,832,231.8665211,0.099810434,760.9409462,0.877977417
5ef4024d5199de5f27cfcc8e,832,833,263.4861461,0.099682042,711.1760334,0.82677458
5ef4024d5199de5f27cfcc8f,833,834,244.3559028,0.091418911,766.921529,0.886107789
5ef4024d5199de5f27cfcc90,834,835,353.241434,0.095415928,1515.151153,0.772383531
5ef4024d5199de5f27cfcc91,835,836,247.9094025,0.101168601,556.6459099,0.593095759
5ef4024d5199de5f27cfcc92,836,837,330.1584224,0.097687692,1349.710083,0.799575589
5ef4024d5199de5f27cfcc93,837,838,358.9442577,0.079178338,1698.595425,0.866199813
5ef4024d5199de5f27cfcc94,838,839,240.7641634,0.092926548,764.2924901,0.86104249
5ef4024d5199de5f27cfcc95,839,840,297.2390155,0.100305583,572.5889495,0.635777998
5ef4024d5199de5f27cfcc96,840,841,242.8169468,0.101581534,553.0336128,0.599826568
5ef4024d5199de5f27cfcc97,841,842,241.8315681,0.087945601,630.4442613,0.683989285
5ef4024d5199de5f27cfcc98,842,843,288.8844979,0.088371325,644.0917575,0.76746779
5ef4024d5199de5f27cfcc99,843,844,245.6939355,0.09967475,601.4270246,0.623986167
5ef4024d5199de5f27cfcc9a,844,845,238.8618716,0.045823212,565.6033595,0.571163901
5ef4024d5199de5f27cfcc9b,845,846,333.4720072,0.028832371,736.8398247,0.602735799
5ef4024d5199de5f27cfcc9c,846,847,427.0291928,0.142339342,1300.726783,0.754898119
5ef4024d5199de5f27cfcc9d,847,848,275.8769476,0.139386832,707.0503434,0.808761937
5ef4024d5199de5f27cfcc9e,848,849,425.9766551,0.113175833,1388.551592,0.677654309
5ef4024d5199de5f27cfcc9f,849,850,452.8728054,0.125046694,702.8173328,0.295946956
5ef4024d5199de5f27cfcca0,850,851,233.7085924,0.086500062,623.4579439,0.651735353
5ef4024d5199de5f27cfcca1,851,852,546.3824161,0.179839969,1634.651444,0.774492584
5ef4024d5199de5f27cfcca2,852,853,255.2660927,0.088314883,650.9571546,0.705289053
5ef4024d5199de5f27cfcca3,853,854,235.8268963,0.085403854,793.4135301,0.899343993
5ef4024d5199de5f27cfcca4,854,855,243.1645461,0.079584633,710.467452,0.792973239
5ef4024d5199de5f27cfcca5,855,856,246.593868,0.075849614,697.6678706,0.775119028
5ef4024d5199de5f27cfcca6,856,857,211.6914066,0.033505366,688.7393299,0.735070042
5ef4024d5199de5f27cfcca7,857,858,229.2529962,0.045271712,692.2218437,0.746141849
5ef4024d5199de5f27cfcca8,858,859,269.2321231,0.107774359,736.9078564,0.798605128
5ef4024d5199de5f27cfcca9,859,860,233.7821307,0.084177708,800.9438815,0.879886779
5ef4024d5199de5f27cfccaa,860,861,220.8497562,0.084074241,821.6411275,0.909493178
5ef4024d5199de5f27cfccab,861,862,236.4202786,0.082261368,784.9347808,0.875337976
5ef4024d5199de5f27cfccac,862,863,230.6418908,0.078304362,715.0993768,0.772138406
5ef4024d5199de5f27cfccad,863,864,235.0579012,0.039423868,629.1433333,0.633168724
5ef4024d5199de5f27cfccae,864,865,250.7724101,0.088532261,704.8880726,0.793424725
5ef4024d5199de5f27cfccaf,865,866,206.4680039,0.039379769,691.107638,0.720649766
5ef4024d5199de5f27cfccb0,866,867,221.1156148,0.074959016,752.5480328,0.79897541
5ef4024d5199de5f27cfccb1,867,868,218.0615422,0.077808736,759.31734,0.823363107
5ef4024d5199de5f27cfccb2,868,869,243.820846,0.10078695,731.6150094,0.78235921
5ef4024d5199de5f27cfccb3,869,870,258.0912783,0.114702987,801.2090581,0.882999672
5ef4024d5199de5f27cfccb4,870,871,236.809596,0.086536098,824.8132836,0.897238384
5ef4024d5199de5f27cfccb5,871,872,228.0780786,0.078715098,728.8170245,0.813290334
5ef4024d5199de5f27cfccb6,872,873,214.6950875,0.08096038,792.1413529,0.878026796
5ef4024d5199de5f27cfccb7,873,874,225.7744817,0.090018848,809.9459559,0.911210358
5ef4024d5199de5f27cfccb8,874,875,211.6642069,0.047226663,682.9109581,0.703685484
5ef4024d5199de5f27cfccb9,875,876,227.4612611,0.082558282,709.001393,0.768509034
5ef4024d5199de5f27cfccba,876,877,223.036231,0.098446658,731.1910324,0.804705111
5ef4024d5199de5f27cfccbb,877,878,235.264226,0.078591341,677.6416448,0.734380125
5ef4024d5199de5f27cfccbc,878,879,221.2930659,0.041637552,657.7627112,0.729170948
5ef4024d5199de5f27cfccbd,879,880,208.4415632,0.037196346,762.8575642,0.796894842
5ef4024d5199de5f27cfccbe,880,881,250.7033721,0.052942868,711.8665955,0.774181624
5ef4024d5199de5f27cfccbf,881,882,231.124918,0.080395212,705.681166,0.768325681
5ef4024d5199de5f27cfccc0,882,883,203.1418852,0.041229508,678.5923361,0.683319672
5ef4024d5199de5f27cfccc1,883,884,304.1434201,0.106354158,698.1694032,0.763278877
5ef4024d5199de5f27cfccc2,884,885,225.2384114,0.09947129,789.4582155,0.877167097
5ef4024d5199de5f27cfccc3,885,886,218.9968441,0.086765851,762.5162097,0.840034428
5ef4024d5199de5f27cfccc4,886,887,226.3129715,0.077976386,708.4150131,0.773081338
5ef4024d5199de5f27cfccc5,887,888,234.6066656,0.07398957,680.1919003,0.761978488
5ef4024d5199de5f27cfccc6,888,889,259.1726408,0.062965554,758.0839541,0.828840693
5ef4024d5199de5f27cfccc7,889,890,220.9881606,0.079557558,827.3422778,0.911306841
5ef4024d5199de5f27cfccc8,890,891,238.0600501,0.092763617,735.9980298,0.82965973
5ef4024d5199de5f27cfccc9,891,892,210.0746128,0.037408834,694.4864787,0.712734573
5ef4024d5199de5f27cfccca,892,893,272.2839258,0.098021509,736.8552664,0.82612265
5ef4024d5199de5f27cfcccb,893,894,248.9609877,0.073374486,759.6678601,0.846131687
5ef4024d5199de5f27cfcccc,894,895,249.3119725,0.092846021,657.4196099,0.664221913
5ef4024d5199de5f27cfcccd,895,896,217.9890159,0.082298455,793.4018607,0.865978114
5ef4024d5199de5f27cfccce,896,897,254.5849652,0.081974601,660.0857435,0.665014338
5ef4024d5199de5f27cfcccf,897,898,236.0943381,0.087122299,732.6699192,0.818826616
5ef4024d5199de5f27cfccd0,898,899,345.9368873,0.091401363,1479.013537,0.744468304
5ef4024d5199de5f27cfccd1,899,900,312.362739,0.092181886,556.3016148,0.583364308
5ef4024d5199de5f27cfccd2,900,901,277.207637,0.049015031,1408.20549,0.698160769
5ef4024d5199de5f27cfccd3,901,902,339.8575163,0.084500467,1577.99085,0.802894491
5ef4024d5199de5f27cfccd4,902,903,240.7761858,0.099349473,683.8710886,0.803606719
5ef4024d5199de5f27cfccd5,903,904,235.1473341,0.084367655,667.9231784,0.724506206
5ef4024d5199de5f27cfccd6,904,905,232.6658287,0.08625237,644.9710706,0.689442018
5ef4024d5199de5f27cfccd7,905,906,246.7103212,0.086182013,761.1023875,0.861366542
5ef4024d5199de5f27cfccd8,906,907,237.9555271,0.095717884,585.0977825,0.633398026
5ef4024d5199de5f27cfccd9,907,908,333.8914825,0.107712571,1451.783111,0.888189668
5ef4024d5199de5f27cfccda,908,909,209.9902272,0.036658282,637.0879964,0.661663437
5ef4024d5199de5f27cfccdb,909,910,244.3643561,0.086305719,658.6991052,0.755515236
5ef4024d5199de5f27cfccdc,910,911,334.6155929,0.069187675,1748.210551,0.891409897
5ef4024d5199de5f27cfccdd,911,912,222.5308662,0.087818347,712.5069233,0.80128575
5ef4024d5199de5f27cfccde,912,913,266.4229696,0.058525481,1184.5398,0.697385813
5ef4024d5199de5f27cfccdf,913,914,347.3818861,0.081419234,1530.2,0.775816993
5ef4024d5199de5f27cfcce0,914,915,248.4890178,0.053004559,674.9588065,0.701823456
5ef4024d5199de5f27cfcce1,915,916,297.2838924,0.075686166,1604.406709,0.822289992
5ef4024d5199de5f27cfcce2,916,917,344.9601344,0.090187658,1543.191952,0.784147138
5ef4024d5199de5f27cfcce3,917,918,229.3849419,0.095112503,789.8236627,0.902744581
5ef4024d5199de5f27cfcce4,918,919,340.055929,0.064892624,1444.083007,0.725957049
5ef4024d5199de5f27cfcce5,919,920,219.5296061,0.044883971,637.3512264,0.67045173
5ef4024d5199de5f27cfcce6,920,921,269.0263049,0.079823257,735.4297572,0.824041956
5ef4024d5199de5f27cfcce7,921,922,226.8575785,0.078051595,729.4240089,0.814678975
5ef4024d5199de5f27cfcce8,922,923,230.1866727,0.068162138,769.8162138,0.873118634
5ef4024d5199de5f27cfcce9,923,924,226.2097585,0.095400973,660.5409215,0.745446303
5ef4024d5199de5f27cfccea,924,925,254.5457736,0.092951233,713.9485485,0.822769129
5ef4024d5199de5f27cfcceb,925,926,359.0015716,0.106776371,1481.413701,0.766663585
5ef4024d5199de5f27cfccec,926,927,343.1108834,0.108541316,1173.996194,0.688721364
5ef4024d5199de5f27cfcced,927,928,239.766156,0.100342734,519.3690796,0.544080605
5ef4024d5199de5f27cfccee,928,929,331.2707948,0.097597043,1588.8622,0.827911275
5ef4024d5199de5f27cfccef,929,930,224.6801698,0.090002473,665.5860051,0.738275777
5ef4024d5199de5f27cfccf0,930,931,238.44347,0.095726285,787.8712945,0.897192029
5ef4024d5199de5f27cfccf1,931,932,309.4324924,0.081970243,1716.12716,0.883282506
5ef4024d5199de5f27cfccf2,932,933,349.8663866,0.068627451,1613.981046,0.819887955
5ef4024d5199de5f27cfccf3,933,934,210.9057117,0.044135828,620.7693068,0.635168549
5ef4024d5199de5f27cfccf4,934,935,230.4656942,0.099806321,701.1284048,0.817777228
5ef4024d5199de5f27cfccf5,935,936,228.197052,0.089715086,776.4372118,0.88245224
5ef4024d5199de5f27cfccf6,936,937,229.7201765,0.072780504,739.9920003,0.81526535
5ef4024d5199de5f27cfccf7,937,938,226.6754306,0.094741614,740.0418693,0.847729333
5ef4024d5199de5f27cfccf8,938,939,246.1871,0.09641987,673.0678449,0.760044597
5ef4024d5199de5f27cfccf9,939,940,232.3460476,0.088243784,769.9116325,0.869531153
5ef4024d5199de5f27cfccfa,940,941,343.3441322,0.093081878,1531.094856,0.777144991
5ef4024d5199de5f27cfccfb,941,942,234.0823801,0.094024859,557.0392286,0.581327167
5ef4024d5199de5f27cfccfc,942,943,306.1927411,0.091467876,1390.33609,0.839382409
5ef4024d5199de5f27cfccfd,943,944,349.923436,0.077871148,1594.766573,0.80961718
5ef4024d5199de5f27cfccfe,944,945,241.1838768,0.090373847,720.7503294,0.789072793
5ef4024d5199de5f27cfccff,945,946,283.8503882,0.092005286,725.7761397,0.848612488
5ef4024d5199de5f27cfcd00,946,947,235.5793038,0.089400008,632.5707561,0.706734938
5ef4024d5199de5f27cfcd01,947,948,236.933402,0.082423243,626.8417886,0.685431692
5ef4024d5199de5f27cfcd02,948,949,270.6412289,0.079079947,726.3999422,0.851750908
5ef4024d5199de5f27cfcd03,949,950,236.6456832,0.090740664,546.1326938,0.560212442
5ef4024d5199de5f27cfcd04,950,951,235.9941126,0.038288937,604.8531434,0.623944996
5ef4024d5199de5f27cfcd05,951,952,318.5726748,0.014088545,669.2294713,0.547610272
5ef4024d5199de5f27cfcd06,952,953,421.7722375,0.133914577,1299.665948,0.750489812
5ef4024d5199de5f27cfcd07,953,954,268.1489362,0.126738147,750.9809851,0.846456693
5ef4024d5199de5f27cfcd08,954,955,344.9687179,0.073956485,1732.1481,0.872630498
5ef4024d5199de5f27cfcd09,955,956,401.6225252,0.093481509,1374.091053,0.664830034
5ef4024d5199de5f27cfcd0a,956,957,222.0541809,0.074807526,564.0539339,0.583062292
5ef4024d5199de5f27cfcd0b,957,958,474.8889539,0.145199063,1612.661105,0.761416862
5ef4024d5199de5f27cfcd0c,958,959,240.9280853,0.075809758,778.3941369,0.846535465
5ef4024d5199de5f27cfcd0d,959,960,216.7545305,0.073390734,769.8622386,0.853259533
5ef4024d5199de5f27cfcd0e,960,961,228.7858316,0.069282548,682.0438352,0.758249877
5ef4024d5199de5f27cfcd0f,961,962,234.5485142,0.066081103,650.9549335,0.707437202
5ef4024d5199de5f27cfcd10,962,963,185.6306218,0.01155075,497.4648972,0.51970181
5ef4024d5199de5f27cfcd11,963,964,205.8373009,0.031604006,523.0996963,0.549868659
5ef4024d5199de5f27cfcd12,964,965,256.7588513,0.099897436,802.9366974,0.871630769
5ef4024d5199de5f27cfcd13,965,966,216.009189,0.067686754,742.3472536,0.794642491
5ef4024d5199de5f27cfcd14,966,967,204.3823903,0.07165977,777.0963248,0.844470849
5ef4024d5199de5f27cfcd15,967,968,215.6070873,0.067759115,785.0349857,0.845514134
5ef4024d5199de5f27cfcd16,968,969,218.7586504,0.067604133,594.8304362,0.616308626
5ef4024d5199de5f27cfcd17,969,970,201.1948148,0.02037037,481.4215226,0.486213992
5ef4024d5199de5f27cfcd18,970,971,240.9010836,0.082293548,694.2531194,0.78016746
5ef4024d5199de5f27cfcd19,971,972,178.2695463,0.015710887,549.2838215,0.5623513
5ef4024d5199de5f27cfcd1a,972,973,204.1397131,0.059754098,651.2278689,0.688893443
5ef4024d5199de5f27cfcd1b,973,974,208.3321314,0.064492338,652.450422,0.698557732
5ef4024d5199de5f27cfcd1c,974,975,229.9586032,0.091236987,785.251537,0.845151242
5ef4024d5199de5f27cfcd1d,975,976,224.7450361,0.087175911,779.799639,0.847595996
5ef4024d5199de5f27cfcd1e,976,977,214.1939687,0.071580759,809.0205687,0.876751618
5ef4024d5199de5f27cfcd1f,977,978,200.7404311,0.056819146,586.9829415,0.63612832
5ef4024d5199de5f27cfcd20,978,979,200.7768673,0.069979924,737.7150408,0.804318433
5ef4024d5199de5f27cfcd21,979,980,203.6168565,0.074735721,799.357576,0.888961731
5ef4024d5199de5f27cfcd22,980,981,190.5406469,0.030787521,481.7752634,0.48743492
5ef4024d5199de5f27cfcd23,981,982,215.1763019,0.07034867,636.899496,0.686770189
5ef4024d5199de5f27cfcd24,982,983,208.2634124,0.083364072,705.2571417,0.766547809
5ef4024d5199de5f27cfcd25,983,984,221.1785421,0.071498852,693.9650705,0.751024926
5ef4024d5199de5f27cfcd26,984,985,201.1933495,0.019770644,554.0688068,0.610259361
5ef4024d5199de5f27cfcd27,985,986,179.8317152,0.012412437,543.1906108,0.550981115
5ef4024d5199de5f27cfcd28,986,987,222.5438042,0.026040169,553.8125847,0.573828398
5ef4024d5199de5f27cfcd29,987,988,211.4276402,0.071457855,688.3582322,0.743686455
5ef4024d5199de5f27cfcd2a,988,989,177.5380738,0.01795082,492.4038115,0.482991803
5ef4024d5199de5f27cfcd2b,989,990,270.9214761,0.093095805,746.0208111,0.818282571
5ef4024d5199de5f27cfcd2c,990,991,204.2830444,0.081683676,793.7153982,0.873888274
5ef4024d5199de5f27cfcd2d,991,992,210.1269724,0.074593221,687.980614,0.731013566
5ef4024d5199de5f27cfcd2e,992,993,212.7376599,0.068506068,642.041325,0.678952115
5ef4024d5199de5f27cfcd2f,993,994,244.014586,0.076271186,703.1952412,0.786098435
5ef4024d5199de5f27cfcd30,994,995,248.846043,0.051236676,753.1074941,0.823696448
5ef4024d5199de5f27cfcd31,995,996,203.461778,0.06911102,672.5277755,0.726833265
5ef4024d5199de5f27cfcd32,996,997,225.5375775,0.081393917,726.3832861,0.822969257
5ef4024d5199de5f27cfcd33,997,998,189.2598541,0.015447021,536.7413751,0.537081046
5ef4024d5199de5f27cfcd34,998,999,237.4825958,0.088457434,736.9379361,0.826245793
5ef4024d5199de5f27cfcd35,999,1000,230.8562551,0.067983539,657.6736626,0.694691358
5ef4024d5199de5f27cfcd36,1000,1001,232.8066869,0.0787921,806.4601328,0.86736868
5ef4024d5199de5f27cfcd37,1001,1002,208.1900898,0.070453707,745.8251978,0.798475347
5ef4024d5199de5f27cfcd38,1002,1003,230.7105285,0.068250717,818.5575174,0.882343302
5ef4024d5199de5f27cfcd39,1003,1004,227.804969,0.081505473,676.6078062,0.742937969
5ef4024d5199de5f27cfcd3a,1004,1005,325.6722995,0.084399216,1363.491364,0.678648119
5ef4024d5199de5f27cfcd3b,1005,1006,294.7854871,0.080204849,715.8598274,0.799735679
5ef4024d5199de5f27cfcd3c,1006,1007,236.1843899,0.032863411,1055.17244,0.509662963
5ef4024d5199de5f27cfcd3d,1007,1008,327.6110177,0.083006536,1502.073763,0.758636788
5ef4024d5199de5f27cfcd3e,1008,1009,228.6674489,0.085680171,770.9125906,0.876523386
5ef4024d5199de5f27cfcd3f,1009,1010,219.0214837,0.070595027,580.1783844,0.629953404
5ef4024d5199de5f27cfcd40,1010,1011,215.7769307,0.074631171,591.4651776,0.624247919
5ef4024d5199de5f27cfcd41,1011,1012,232.5751103,0.075502041,766.199332,0.856459527
5ef4024d5199de5f27cfcd42,1012,1013,224.6375274,0.084486105,558.5552711,0.600322088
5ef4024d5199de5f27cfcd43,1013,1014,311.2171082,0.099151178,1350.152642,0.823869457
5ef4024d5199de5f27cfcd44,1014,1015,176.3896747,0.017318873,510.8851594,0.541792091
5ef4024d5199de5f27cfcd45,1015,1016,228.9133644,0.075213393,738.5823265,0.834893406
5ef4024d5199de5f27cfcd46,1016,1017,315.6354809,0.063958917,1614.403455,0.818207283
5ef4024d5199de5f27cfcd47,1017,1018,210.8275777,0.078875793,658.2301574,0.734484464
5ef4024d5199de5f27cfcd48,1018,1019,225.362388,0.036202085,976.4495521,0.572110442
5ef4024d5199de5f27cfcd49,1019,1020,314.657423,0.077684407,1535.334267,0.776097106
5ef4024d5199de5f27cfcd4a,1020,1021,225.180315,0.023456278,609.5162453,0.642975549
5ef4024d5199de5f27cfcd4b,1021,1022,289.5808151,0.068015895,1343.861011,0.678125866
5ef4024d5199de5f27cfcd4c,1022,1023,326.6693119,0.084399216,1468.842312,0.740547101
5ef4024d5199de5f27cfcd4d,1023,1024,221.3748867,0.088477705,755.4402868,0.8550647
5ef4024d5199de5f27cfcd4e,1024,1025,315.2676004,0.063865546,1523.513165,0.770774977
5ef4024d5199de5f27cfcd4f,1025,1026,205.055785,0.027211165,555.8444132,0.564332315
5ef4024d5199de5f27cfcd50,1026,1027,235.8160307,0.075115626,672.6941691,0.755203171
5ef4024d5199de5f27cfcd51,1027,1028,219.5224594,0.072405835,654.0646996,0.708851892
5ef4024d5199de5f27cfcd52,1028,1029,217.0378541,0.065275659,748.0117521,0.824089728
5ef4024d5199de5f27cfcd53,1029,1030,210.6938927,0.082584686,634.5722822,0.691049205
5ef4024d5199de5f27cfcd54,1030,1031,227.8223149,0.084609985,639.4848247,0.715117479
5ef4024d5199de5f27cfcd55,1031,1032,326.4575206,0.095128039,1727.343533,0.885180734
5ef4024d5199de5f27cfcd56,1032,1033,307.1676059,0.096098953,1311.773988,0.807436141
5ef4024d5199de5f27cfcd57,1033,1034,224.1937482,0.085642317,538.2488748,0.559193955
5ef4024d5199de5f27cfcd58,1034,1035,296.998244,0.08077634,1630.87329,0.837892791
5ef4024d5199de5f27cfcd59,1035,1036,216.2172175,0.079906041,630.402044,0.697148273
5ef4024d5199de5f27cfcd5a,1036,1037,224.8756999,0.084692029,746.1715662,0.838068182
5ef4024d5199de5f27cfcd5b,1037,1038,289.5136309,0.069032437,1430.92265,0.720635801
5ef4024d5199de5f27cfcd5c,1038,1039,302.6397759,0.05611578,1654.619234,0.840149393
5ef4024d5199de5f27cfcd5d,1039,1040,182.9797659,0.022418198,522.326259,0.528187588
5ef4024d5199de5f27cfcd5e,1040,1041,216.889562,0.091729509,714.3787036,0.815098694
5ef4024d5199de5f27cfcd5f,1041,1042,222.6543149,0.084321476,692.0173748,0.770956851
5ef4024d5199de5f27cfcd60,1042,1043,216.2357429,0.062183003,669.0530287,0.720918725
5ef4024d5199de5f27cfcd61,1043,1044,209.0268689,0.079699992,730.4794775,0.840270337
5ef4024d5199de5f27cfcd62,1044,1045,227.7604988,0.098773589,605.8681918,0.66767147
5ef4024d5199de5f27cfcd63,1045,1046,216.9254464,0.081646118,692.651602,0.766731269
5ef4024d5199de5f27cfcd64,1046,1047,334.0374381,0.087573523,1390.147979,0.695079824
5ef4024d5199de5f27cfcd65,1047,1048,223.110088,0.073708552,635.3035884,0.685634059
5ef4024d5199de5f27cfcd66,1048,1049,287.9711693,0.079467291,1221.348749,0.740011708
5ef4024d5199de5f27cfcd67,1049,1050,339.940056,0.073389356,1493.069655,0.75210084
5ef4024d5199de5f27cfcd68,1050,1051,230.1529974,0.087821146,652.5420372,0.69384058
5ef4024d5199de5f27cfcd69,1051,1052,261.0798233,0.078956062,743.7952593,0.857738685
5ef4024d5199de5f27cfcd6a,1052,1053,222.5218235,0.073047859,608.7905191,0.659577982
5ef4024d5199de5f27cfcd6b,1053,1054,224.4054811,0.072037915,603.5798475,0.633752318
5ef4024d5199de5f27cfcd6c,1054,1055,266.7307152,0.076189296,655.0461678,0.737074661
5ef4024d5199de5f27cfcd6d,1055,1056,220.5364568,0.07134917,676.1896332,0.72975421
5ef4024d5199de5f27cfcd6e,1056,1057,227.6505826,0.02741982,525.5402034,0.555189592
5ef4024d5199de5f27cfcd6f,1057,1058,295.4315436,0.006429946,255.0354671,0.218945816
5ef4024d5199de5f27cfcd70,1058,1059,389.3687304,0.111579154,1293.195533,0.742848746
5ef4024d5199de5f27cfcd71,1059,1060,246.5617356,0.107890769,724.0579662,0.805495058
